"region";"lon";"lat"
"Virginia";-78,4927721;37,1232245
"New Jersey";-74,4041622;40,0757384
"Germany";10,4478313;51,1638175
"Belgium";4,6667145;50,6402809
"Germany";10,4478313;51,1638175
"England";-1,2649062;52,5310214
"England";-1,2649062;52,5310214
"England";-1,2649062;52,5310214
"North Sea";2,81446727990478;56,0026997
"North Sea";2,81446727990478;56,0026997
"Off western Denmark";116,8280129;-34,9595334
"France";1,8883335;46,603354
"North Sea";2,81446727990478;56,0026997
"England";-1,2649062;52,5310214
"Ohio";-82,6881395;40,2253569
"English Channel";1,054682;50,4924668
"England";-1,2649062;52,5310214
"Germany";10,4478313;51,1638175
"Texas";-98,5456116;31,2638905
"Brazil";-53,2;-10,3333333
"California";-118,755997;36,7014631
"New Mexico";-105,993007;34,5708167
"Mexico";-102,0077097;23,6585116
"California";-118,755997;36,7014631
"Kansas";-98,5821872;38,27312
"New Jersey";-74,4041622;40,0757384
"France";1,8883335;46,603354
"Germany";10,4478313;51,1638175
"California";-118,755997;36,7014631
"Kansas";-98,5821872;38,27312
"California";-118,755997;36,7014631
"Pennsylvania";-77,7278831;40,9699889
"Burma";95,9999652;17,1750495
"Ohio";-82,6881395;40,2253569
"Illinois";-89,4337288;40,0796606
"California";-118,755997;36,7014631
"New Jersey";-74,4041622;40,0757384
"Washington";-77,0365427;38,8950368
"Illinois";-89,4337288;40,0796606
"Texas";-98,5456116;31,2638905
"Texas";-98,5456116;31,2638905
"California";-118,755997;36,7014631
"Belgium";4,6667145;50,6402809
"New Jersey";-74,4041622;40,0757384
"Indiana";-86,1746933;40,3270127
"Oregon";-120,737257;43,9792797
"USSR";68,7947829;38,5671241
"France";1,8883335;46,603354
"Utah";-111,714358;39,4225192
"England";-1,2649062;52,5310214
"California";-118,755997;36,7014631
"Missouri";-92,5617875;38,7604815
"Montana";-109,638757;47,3752671
"Missouri";-92,5617875;38,7604815
"Cuba";-80,8328748;23,0131338
"Syria";39,0494106;34,6401861
"Tennessee";-86,2820081;35,7730076
"Missouri";-92,5617875;38,7604815
"Michigan";-84,6824346;43,6211955
"Russia";97,7453061;64,6863136
"Colombia";-72,9088133;4,099917
"Mississippi";-89,7348497;32,9715285
"Texas";-98,5456116;31,2638905
"Wyoming";-107,568534;43,1700264
"Alaska";-149,680909;64,4459613
"California";-118,755997;36,7014631
"Wyoming";-107,568534;43,1700264
"Wyoming";-107,568534;43,1700264
"Texas";-98,5456116;31,2638905
"Egypt";29,2675469;26,2540493
"Arkansas";-92,4479108;35,2048883
"New York";-74,0060152;40,7127281
"Pennsylvania";-77,7278831;40,9699889
"Trinidad";-61,2613053887806;10,4430243
"France";1,8883335;46,603354
"Missouri";-92,5617875;38,7604815
"England";-1,2649062;52,5310214
"Utah";-111,714358;39,4225192
"Idaho";-114,015407;43,6447642
"Pennsylvania";-77,7278831;40,9699889
"California";-118,755997;36,7014631
"California";-118,755997;36,7014631
"California";-118,755997;36,7014631
"Australia";134,755;-24,7761086
"Pennsylvania";-77,7278831;40,9699889
"New Jersey";-74,4041622;40,0757384
"China";104,999927;35,000074
"Florida";-81,4639835;27,7567667
"Wyoming";-107,568534;43,1700264
"Italy";12,674297;42,6384261
"Czechoslovakia";121,0392436;14,480176
"Montana";-109,638757;47,3752671
"California";-118,755997;36,7014631
"California";-118,755997;36,7014631
"Brazil";-53,2;-10,3333333
"Ohio";-82,6881395;40,2253569
"Montana";-109,638757;47,3752671
"China";104,999927;35,000074
"Jersey";-2,1358386;49,2214561
"Amsterdam";4,8924534;52,3730796
"Canada";-107,991707;61,0666922
"California";-118,755997;36,7014631
"Montana";-109,638757;47,3752671
"Oklahoma";-97,2684063;34,9550817
"Ecuador";-79,3666965;-1,3397668
"Brazil";-53,2;-10,3333333
"Estonia";25,3319078;58,7523778
"Australia";134,755;-24,7761086
"Virginia";-78,4927721;37,1232245
"Utah";-111,714358;39,4225192
"Illinois";-89,4337288;40,0796606
"Missouri";-92,5617875;38,7604815
"Canada";-107,991707;61,0666922
"Georgia";-83,1137366;32,3293809
"Scotland";-4,1140518;56,7861112
"Scotland";-4,1140518;56,7861112
"Puerto Rico";-66,4858295;18,2247706
"Minnesota";-94,6113288;45,9896587
"Canada";-107,991707;61,0666922
"Nevada";-116,8537227;39,5158825
"China";104,999927;35,000074
"Australia";134,755;-24,7761086
"Utah";-111,714358;39,4225192
"Montana";-109,638757;47,3752671
"West Virginia";-80,8408415;38,4758406
"Scotland";-4,1140518;56,7861112
"Puerto Rico";-66,4858295;18,2247706
"Newfoundland";-56,6403111408207;49,12120935
"California";-118,755997;36,7014631
"Utah";-111,714358;39,4225192
"California";-118,755997;36,7014631
"Peru";-75,0458515;-6,8699697
"Washington";-77,0365427;38,8950368
"Portugal";-8,1353519;39,6621648
"Australia";134,755;-24,7761086
"North Carolina";-79,0392919;35,6729639
"Gibraltar";-5,3474761;36,1285933
"Kentucky";-85,1551411;37,5726028
"Romania";24,6859225;45,9852129
"Australia";134,755;-24,7761086
"Texas";-98,5456116;31,2638905
"North Carolina";-79,0392919;35,6729639
"India";78,6677428;22,3511148
"Tennessee";-86,2820081;35,7730076
"Georgia";-83,1137366;32,3293809
"Australia";134,755;-24,7761086
"Utah";-111,714358;39,4225192
"Tennessee";-86,2820081;35,7730076
"Alaska";-149,680909;64,4459613
"France";1,8883335;46,603354
"France";1,8883335;46,603354
"France";1,8883335;46,603354
"Scotland";-4,1140518;56,7861112
"Nebraska";-99,5873816;41,7370229
"Cuba";-80,8328748;23,0131338
"England";-1,2649062;52,5310214
"England";-1,2649062;52,5310214
"Scotland";-4,1140518;56,7861112
"Alaska";-149,680909;64,4459613
"France";1,8883335;46,603354
"England";-1,2649062;52,5310214
"California";-118,755997;36,7014631
"England";-1,2649062;52,5310214
"California";-118,755997;36,7014631
"English Channel";1,054682;50,4924668
"Trinidad";-61,2613053887806;10,4430243
"California";-118,755997;36,7014631
"Italy";12,674297;42,6384261
"England";-1,2649062;52,5310214
"California";-118,755997;36,7014631
"Virginia";-78,4927721;37,1232245
"West Virginia";-80,8408415;38,4758406
"Australia";134,755;-24,7761086
"Texas";-98,5456116;31,2638905
"Washington D.C.";-77,0365427;38,8950368
"New Guinea";142,087090522459;-5,52259305
"England";-1,2649062;52,5310214
"France";1,8883335;46,603354
"New Guinea";142,087090522459;-5,52259305
"Ivory Coast";-5,5679458;7,9897371
"England";-1,2649062;52,5310214
"South Carolina";-80,4363743;33,6874388
"New York";-74,0060152;40,7127281
"Martinique";-61,0158268506373;14,6367927
"South Carolina";-80,4363743;33,6874388
"New Guinea";142,087090522459;-5,52259305
"Missouri";-92,5617875;38,7604815
"Florida";-81,4639835;27,7567667
"England";-1,2649062;52,5310214
"France";1,8883335;46,603354
"Belgium";4,6667145;50,6402809
"China";104,999927;35,000074
"China";104,999927;35,000074
"Germany";10,4478313;51,1638175
"India";78,6677428;22,3511148
"Texas";-98,5456116;31,2638905
"Italy";12,674297;42,6384261
"Italy";12,674297;42,6384261
"Libya";18,1236723;26,8234472
"New Guinea";142,087090522459;-5,52259305
"England";-1,2649062;52,5310214
"France";1,8883335;46,603354
"Norway";8,7876653;61,1529386
"New York";-74,0060152;40,7127281
"Alabama";-86,8295337;33,2588817
"France";1,8883335;46,603354
"Connecticut";-72,7342163;41,6500201
"Wyoming";-107,568534;43,1700264
"California";-118,755997;36,7014631
"Tasmania";146,6366887;-42,035067
"California";-118,755997;36,7014631
"Malta";14,4476911;35,8885993
"Virginia";-78,4927721;37,1232245
"Italy";12,674297;42,6384261
"Nigeria";7,9999721;9,6000359
"Panama";-81,1308434;8,559559
"Massachusetts";-72,032366;42,3788774
"Kansas";-98,5821872;38,27312
"Illinois";-89,4337288;40,0796606
"France";1,8883335;46,603354
"Nevada";-116,8537227;39,5158825
"Belgium";4,6667145;50,6402809
"Newfoundland";-56,6403111408207;49,12120935
"Newfoundland";-56,6403111408207;49,12120935
"Malaya";121,171689;13,854867
"The Netherlands";5,54124684940616;52,24764975
"Wyoming";-107,568534;43,1700264
"Wyoming";-107,568534;43,1700264
"Ohio";-82,6881395;40,2253569
"California";-118,755997;36,7014631
"Mexico";-102,0077097;23,6585116
"Costa Rica";-84,0739102;10,2735633
"Japan";139,2394179;36,5748441
"California";-118,755997;36,7014631
"Indiana";-86,1746933;40,3270127
"Ireland";-7,9794599;52,865196
"New Jersey";-74,4041622;40,0757384
"Virginia";-78,4927721;37,1232245
"Mexico";-102,0077097;23,6585116
"Denmark";10,3333283;55,670249
"Colorado";-105,607716;38,7251776
"Italy";12,674297;42,6384261
"Colombia";-72,9088133;4,099917
"China";104,999927;35,000074
"France";1,8883335;46,603354
"Colombia";-72,9088133;4,099917
"Georgia";-83,1137366;32,3293809
"Peru";-75,0458515;-6,8699697
"Canada";-107,991707;61,0666922
"New Jersey";-74,4041622;40,0757384
"Japan";139,2394179;36,5748441
"New York";-74,0060152;40,7127281
"Maryland";-76,9382069;39,5162401
"France";1,8883335;46,603354
"Virginia";-78,4927721;37,1232245
"Syria";39,0494106;34,6401861
"Florida";-81,4639835;27,7567667
"Argentina";-64,9672817;-34,9964963
"New York";-74,0060152;40,7127281
"Utah";-111,714358;39,4225192
"Texas";-98,5456116;31,2638905
"Utah";-111,714358;39,4225192
"Alaska";-149,680909;64,4459613
"Greece";21,9877132;38,9953683
"Delaware";-75,4013315;38,6920451
"Yugoslavia";-81,526141947349;23,04123655
"Italy";12,674297;42,6384261
"Washington";-77,0365427;38,8950368
"Labrador";-61,7019148053278;55,9114861
"Tennessee";-86,2820081;35,7730076
"Mexico";-102,0077097;23,6585116
"Georgia";-83,1137366;32,3293809
"Maryland";-76,9382069;39,5162401
"California";-118,755997;36,7014631
"NE of Bermuda";-116,3039344;33,740662
"Florida";-81,4639835;27,7567667
"Ohio";-82,6881395;40,2253569
"England";-1,2649062;52,5310214
"Illinois";-89,4337288;40,0796606
"Alaska";-149,680909;64,4459613
"Ireland";-7,9794599;52,865196
"Belgian Congo (Zaire)";23,8222636;-2,9814344
"Ohio";-82,6881395;40,2253569
"Pennsylvania";-77,7278831;40,9699889
"Minnesota";-94,6113288;45,9896587
"Scotland";-4,1140518;56,7861112
"Canada";-107,991707;61,0666922
"England";-1,2649062;52,5310214
"Alaska";-149,680909;64,4459613
"Australia";134,755;-24,7761086
"Puerto Rico";-66,4858295;18,2247706
"Italy";12,674297;42,6384261
"Washington";-77,0365427;38,8950368
"Maryland";-76,9382069;39,5162401
"Scotland";-4,1140518;56,7861112
"Alaska";-149,680909;64,4459613
"New York";-74,0060152;40,7127281
"Denmark";10,3333283;55,670249
"Australia";134,755;-24,7761086
"New Zealand";172,8344077;-41,5000831
"Italy";12,674297;42,6384261
"Brazil";-53,2;-10,3333333
"Puerto Rico";-66,4858295;18,2247706
"India";78,6677428;22,3511148
"California";-118,755997;36,7014631
"Washington";-77,0365427;38,8950368
"New Jersey";-74,4041622;40,0757384
"Brazil";-53,2;-10,3333333
"England";-1,2649062;52,5310214
"Manitoba";-97,001038;55,001251
"Canada";-107,991707;61,0666922
"Azores";-25,4731373912453;37,80855645
"Virginia";-78,4927721;37,1232245
"Ohio";-82,6881395;40,2253569
"Norway";8,7876653;61,1529386
"France";1,8883335;46,603354
"Texas";-98,5456116;31,2638905
"California";-118,755997;36,7014631
"Pakistan";71,247499;30,3308401
"D.C.";-76,9880428191095;38,89384735
"France";1,8883335;46,603354
"Bolivia";-64,9912286;-17,0568696
"Minnesota";-94,6113288;45,9896587
"Wales";-3,73893;52,2928116
"Japan";139,2394179;36,5748441
"Azores";-25,4731373912453;37,80855645
"South Carolina";-80,4363743;33,6874388
"New Jersey";-74,4041622;40,0757384
"Colombia";-72,9088133;4,099917
"Off Bahrain";50,4915963;26,1961051
"Off Bahrain";50,4915963;26,1961051
"Michigan";-84,6824346;43,6211955
"Australia";134,755;-24,7761086
"Japan";139,2394179;36,5748441
"California";-118,755997;36,7014631
"Egypt";29,2675469;26,2540493
"New York";-74,0060152;40,7127281
"Marshall Islands";168,0002575;8,9995549
"Japan";139,2394179;36,5748441
"England";-1,2649062;52,5310214
"France";1,8883335;46,603354
"Montana";-109,638757;47,3752671
"France";1,8883335;46,603354
"Venezuela";-66,1109318;8,0018709
"Philippines";122,7312101;12,7503486
"Canada";-107,991707;61,0666922
"Pennsylvania";-77,7278831;40,9699889
"Washington";-77,0365427;38,8950368
"Italy";12,674297;42,6384261
"Taiwan";120,9820179;23,9739374
"Iceland";-18,1059013;64,9841821
"Iowa";-93,3122705;41,9216734
"California";-118,755997;36,7014631
"West Virginia";-80,8408415;38,4758406
"Florida";-81,4639835;27,7567667
"Indiana";-86,1746933;40,3270127
"New Mexico";-105,993007;34,5708167
"Liberia";-9,3658524;5,7499721
"Colorado";-105,607716;38,7251776
"England";-1,2649062;52,5310214
"Alaska";-149,680909;64,4459613
"France";1,8883335;46,603354
"California";-118,755997;36,7014631
"California";-118,755997;36,7014631
"Spain";-4,8379791;39,3260685
"Canada";-107,991707;61,0666922
"Guatemala";-90,345759;15,5855545
"Colorado";-105,607716;38,7251776
"New Jersey";-74,4041622;40,0757384
"New York";-74,0060152;40,7127281
"Alaska";-149,680909;64,4459613
"Arizona";-111,763275;34,395342
"Wales";-3,73893;52,2928116
"Canada";-107,991707;61,0666922
"New Jersey";-74,4041622;40,0757384
"New Jersey";-74,4041622;40,0757384
"Washington";-77,0365427;38,8950368
"Italy";12,674297;42,6384261
"India";78,6677428;22,3511148
"France";1,8883335;46,603354
"Germany";10,4478313;51,1638175
"New York";-74,0060152;40,7127281
"Japan";139,2394179;36,5748441
"Puerto Rico";-66,4858295;18,2247706
"California";-118,755997;36,7014631
"Brazil";-53,2;-10,3333333
"Mauritania";-9,2399263;20,2540382
"Brazil";-53,2;-10,3333333
"Italy";12,674297;42,6384261
"West Pakistan";72,224289;34,6780423
"Sudan";29,4917691;14,5844444
"England";-1,2649062;52,5310214
"Mariana Islands";144,757551029721;13,4501257
"Arizona";-111,763275;34,395342
"Alaska";-149,680909;64,4459613
"South Korea";127,6961188;36,638392
"Alaska";-149,680909;64,4459613
"Washington";-77,0365427;38,8950368
"Bermuda";-64,7561647;32,30382
"Washington";-77,0365427;38,8950368
"Northern Ireland";-6,9591554;54,5859836
"Idaho";-114,015407;43,6447642
"Italy";12,674297;42,6384261
"Canada";-107,991707;61,0666922
"Egypt";29,2675469;26,2540493
"Alabama";-86,8295337;33,2588817
"Pakistan";71,247499;30,3308401
"Newfoundland";-56,6403111408207;49,12120935
"California";-118,755997;36,7014631
"Washington";-77,0365427;38,8950368
"California";-118,755997;36,7014631
"India";78,6677428;22,3511148
"India";78,6677428;22,3511148
"Texas";-98,5456116;31,2638905
"Netherlands";5,6343227;52,2434979
"Japan";139,2394179;36,5748441
"Florida";-81,4639835;27,7567667
"North Korea";127,0870417;40,3736611
"Turkey";34,9249653;38,9597594
"United Arab Emirates";53,9994829;24,0002488
"Washington";-77,0365427;38,8950368
"Honduras";-86,0755145;15,2572432
"New York";-74,0060152;40,7127281
"Kentucky";-85,1551411;37,5726028
"Mexico";-102,0077097;23,6585116
"New York";-74,0060152;40,7127281
"California";-118,755997;36,7014631
"England";-1,2649062;52,5310214
"England";-1,2649062;52,5310214
"Italy";12,674297;42,6384261
"Japan";139,2394179;36,5748441
"Wyoming";-107,568534;43,1700264
"France";1,8883335;46,603354
"Maryland";-76,9382069;39,5162401
"Italy";12,674297;42,6384261
"Canada";-107,991707;61,0666922
"Argentina";-64,9672817;-34,9964963
"India";78,6677428;22,3511148
"New Zealand";172,8344077;-41,5000831
"Brazil";-53,2;-10,3333333
"China";104,999927;35,000074
"Alaska";-149,680909;64,4459613
"Portugal";-8,1353519;39,6621648
"Iowa";-93,3122705;41,9216734
"North Sea";2,81446727990478;56,0026997
"Ireland";-7,9794599;52,865196
"Brazil";-53,2;-10,3333333
"Italy";12,674297;42,6384261
"Australia";134,755;-24,7761086
"New Hampshire";-71,6553992;43,4849133
"New York";-74,0060152;40,7127281
"Pennsylvania";-77,7278831;40,9699889
"Ireland";-7,9794599;52,865196
"Kentucky";-85,1551411;37,5726028
"Iowa";-93,3122705;41,9216734
"India";78,6677428;22,3511148
"Nigeria";7,9999721;9,6000359
"Italy";12,674297;42,6384261
"New Mexico";-105,993007;34,5708167
"Zimbabwe";29,7468414;-18,4554963
"Mississippi";-89,7348497;32,9715285
"Hawaii";-155,428370097169;19,5938015
"New York";-74,0060152;40,7127281
"Sarawak";112,9547283;2,5023855
"Kenya";38,4313975;1,4419683
"Canada";-107,991707;61,0666922
"Paraguay";-58,1693445;-23,3165935
"Illinois";-89,4337288;40,0796606
"Bulgaria";25,4856617;42,6073975
"Missouri";-92,5617875;38,7604815
"West Germany";-79,1166983;40,4203479
"Libya";18,1236723;26,8234472
"Wyoming";-107,568534;43,1700264
"Austria";14,12456;47,59397
"Colorado";-105,607716;38,7251776
"Washingon";-98,8121536;29,0714275
"Japan";139,2394179;36,5748441
"California";-118,755997;36,7014631
"Brazil";-53,2;-10,3333333
"South Carolina";-80,4363743;33,6874388
"Florida";-81,4639835;27,7567667
"Canada";-107,991707;61,0666922
"California";-118,755997;36,7014631
"Malta";14,4476911;35,8885993
"Egypt";29,2675469;26,2540493
"Pakistan";71,247499;30,3308401
"Pennsylvania";-77,7278831;40,9699889
"Washington";-77,0365427;38,8950368
"Alaska";-149,680909;64,4459613
"England";-1,2649062;52,5310214
"Canada";-107,991707;61,0666922
"New Jersey";-74,4041622;40,0757384
"Nigeria";7,9999721;9,6000359
"Arizona";-111,763275;34,395342
"Michigan";-84,6824346;43,6211955
"New Jersey";-74,4041622;40,0757384
"Argentina";-64,9672817;-34,9964963
"Alaska";-149,680909;64,4459613
"Alaska";-149,680909;64,4459613
"England";-1,2649062;52,5310214
"England";-1,2649062;52,5310214
"Norway";8,7876653;61,1529386
"Nicaragua";-85,2936911;12,6090157
"Colombia";-72,9088133;4,099917
"France";1,8883335;46,603354
"Venezuela";-66,1109318;8,0018709
"Colombia";-72,9088133;4,099917
"Canada";-107,991707;61,0666922
"France";1,8883335;46,603354
"Germany";10,4478313;51,1638175
"Italy";12,674297;42,6384261
"Saudi Arabia";42,3528328;25,6242618
"Oklahoma";-97,2684063;34,9550817
"Argentina";-64,9672817;-34,9964963
"Nicaragua";-85,2936911;12,6090157
"France";1,8883335;46,603354
"California";-118,755997;36,7014631
"New York";-74,0060152;40,7127281
"South Korea";127,6961188;36,638392
"Washington";-77,0365427;38,8950368
"England";-1,2649062;52,5310214
"Colombia";-72,9088133;4,099917
"England";-1,2649062;52,5310214
"Philippines";122,7312101;12,7503486
"Brazil";-53,2;-10,3333333
"Mexico";-102,0077097;23,6585116
"Jordan";36,941628;31,1667049
"England";-1,2649062;52,5310214
"Spain";-4,8379791;39,3260685
"Greenland";-42,8125967;77,6192349
"Russia";97,7453061;64,6863136
"Maryland";-76,9382069;39,5162401
"Canada";-107,991707;61,0666922
"Indonesia";117,8902853;-2,4833826
"California";-118,755997;36,7014631
"Canada";-107,991707;61,0666922
"Massachusett";-75,5053865;39,1066153
"Uruguay";-56,0201525;-32,8755548
"Ireland";-7,9794599;52,865196
"Spain";-4,8379791;39,3260685
"Spain";-4,8379791;39,3260685
"England";-1,2649062;52,5310214
"New Zealand";172,8344077;-41,5000831
"Argentina";-64,9672817;-34,9964963
"Philippines";122,7312101;12,7503486
"Hawaii";-155,428370097169;19,5938015
"California";-118,755997;36,7014631
"Germany";10,4478313;51,1638175
"Azores";-25,4731373912453;37,80855645
"England";-1,2649062;52,5310214
"Okinawa";128,0255901;26,5707754
"New Mexico";-105,993007;34,5708167
"Texas";-98,5456116;31,2638905
"Michigan";-84,6824346;43,6211955
"Ecuador";-79,3666965;-1,3397668
"Spain";-4,8379791;39,3260685
"Nevada";-116,8537227;39,5158825
"Morocco";-7,3362482;31,1728205
"Maryland";-76,9382069;39,5162401
"Philippines";122,7312101;12,7503486
"West Virginia";-80,8408415;38,4758406
"Massachusetts";-72,032366;42,3788774
"Libya";18,1236723;26,8234472
"Ireland";-7,9794599;52,865196
"Venezuela";-66,1109318;8,0018709
"Italy";12,674297;42,6384261
"Cuba";-80,8328748;23,0131338
"Italy";12,674297;42,6384261
"Spain";-4,8379791;39,3260685
"England";-1,2649062;52,5310214
"Zimbabwe";29,7468414;-18,4554963
"Guatemala";-90,345759;15,5855545
"Tennessee";-86,2820081;35,7730076
"Argentina";-64,9672817;-34,9964963
"Jordan";36,941628;31,1667049
"Italy";12,674297;42,6384261
"Texas";-98,5456116;31,2638905
"Iowa";-93,3122705;41,9216734
"NY";-75,8449946;43,1561681
"England";-1,2649062;52,5310214
"Nicaragua";-85,2936911;12,6090157
"India";78,6677428;22,3511148
"Spain";-4,8379791;39,3260685
"India";78,6677428;22,3511148
"Spain";-4,8379791;39,3260685
"Spain";-4,8379791;39,3260685
"West Virginia";-80,8408415;38,4758406
"Maryland";-76,9382069;39,5162401
"Italy";12,674297;42,6384261
"Okinawa";128,0255901;26,5707754
"India";78,6677428;22,3511148
"Pakistan";71,247499;30,3308401
"New York";-74,0060152;40,7127281
"Brazil";-53,2;-10,3333333
"France";1,8883335;46,603354
"Alaska";-149,680909;64,4459613
"Texas";-98,5456116;31,2638905
"California";-118,755997;36,7014631
"Greece";21,9877132;38,9953683
"Virginia";-78,4927721;37,1232245
"Canada";-107,991707;61,0666922
"Gulf of Mexico";-89,9066163;25,2834459
"Illinois";-89,4337288;40,0796606
"Pennsylvania";-77,7278831;40,9699889
"Colombia";-72,9088133;4,099917
"Alaska";-149,680909;64,4459613
"Italy";12,674297;42,6384261
"Indonesia";117,8902853;-2,4833826
"India";78,6677428;22,3511148
"North Carolina";-79,0392919;35,6729639
"Gulf of Sirte";18,0454108362067;31,2928312
"Virginia";-78,4927721;37,1232245
"Turkey";34,9249653;38,9597594
"Australia";134,755;-24,7761086
"Brazil";-53,2;-10,3333333
"Indiana";-86,1746933;40,3270127
"Colombia";-72,9088133;4,099917
"Nicaragua";-85,2936911;12,6090157
"Brazil";-53,2;-10,3333333
"Colombia";-72,9088133;4,099917
"North Carolina";-79,0392919;35,6729639
"Venezuela";-66,1109318;8,0018709
"Sudan";29,4917691;14,5844444
"Georgia";-83,1137366;32,3293809
"Alaska";-149,680909;64,4459613
"Brazil";-53,2;-10,3333333
"New Jersey";-74,4041622;40,0757384
"Ecuador";-79,3666965;-1,3397668
"Philippines";122,7312101;12,7503486
"Ethiopia";38,6521203;10,2116702
"Zaire";23,8222636;-2,9814344
"Illinois";-89,4337288;40,0796606
"Italy";12,674297;42,6384261
"Morocco";-7,3362482;31,1728205
"Senegal";-14,4529612;14,4750607
"Mariana Islands";144,757551029721;13,4501257
"Russia";97,7453061;64,6863136
"Italy";12,674297;42,6384261
"Massachusett";-75,5053865;39,1066153
"Montana";-109,638757;47,3752671
"Ohio";-82,6881395;40,2253569
"Philippines";122,7312101;12,7503486
"Argentina";-64,9672817;-34,9964963
"Chile";-71,3187697;-31,7613365
"Algeria";2,9999825;28,0000272
"New York";-74,0060152;40,7127281
"West Germany";-79,1166983;40,4203479
"Philippines";122,7312101;12,7503486
"Finland";25,9209164;63,2467777
"New York (Idlewild)";-74,032958;41,436337
"Indonesia";117,8902853;-2,4833826
"New York";-74,0060152;40,7127281
"Indonesia";117,8902853;-2,4833826
"Belgium";4,6667145;50,6402809
"Venezuela";-66,1109318;8,0018709
"East Germany";9,5482377;54,5077516
"Portugal";-8,1353519;39,6621648
"Egypt";29,2675469;26,2540493
"Nigeria";7,9999721;9,6000359
"Argentina";-64,9672817;-34,9964963
"Colorado";-105,607716;38,7251776
"Morocco";-7,3362482;31,1728205
"Argentina";-64,9672817;-34,9964963
"Alaska";-149,680909;64,4459613
"Norway";8,7876653;61,1529386
"Greenland";-42,8125967;77,6192349
"Illinois";-89,4337288;40,0796606
"Ireland";-7,9794599;52,865196
"Morrocco";11,2052889;43,5613626
"Zambia";27,5589884;-14,5189121
"Illinois";-89,4337288;40,0796606
"Turkey";34,9249653;38,9597594
"France";1,8883335;46,603354
"Guernsey";-2,5822348;49,4566233
"Brazil";-53,2;-10,3333333
"Virginia";-78,4927721;37,1232245
"Brazil";-53,2;-10,3333333
"Alaska";-149,680909;64,4459613
"Bolivia";-64,9912286;-17,0568696
"Peru";-75,0458515;-6,8699697
"Colombia";-72,9088133;4,099917
"New York";-74,0060152;40,7127281
"Cameroon";13,1535811;4,6125522
"Turkey";34,9249653;38,9597594
"France";1,8883335;46,603354
"Alaska";-149,680909;64,4459613
"Philippine Sea";135;20
"Cuba";-80,8328748;23,0131338
"Colombia";-72,9088133;4,099917
"England";-1,2649062;52,5310214
"Brazil";-53,2;-10,3333333
"West Germany";-79,1166983;40,4203479
"Missouri";-92,5617875;38,7604815
"France";1,8883335;46,603354
"West Indies";0,461789079691514;50,83635905
"India";78,6677428;22,3511148
"Italy";12,674297;42,6384261
"Thailand";100,83273;14,8971921
"Hawaii";-155,428370097169;19,5938015
"Nepal";84,0917139;28,1083929
"Brazil";-53,2;-10,3333333
"Colombia";-72,9088133;4,099917
"Japan";139,2394179;36,5748441
"Ohio";-82,6881395;40,2253569
"Czechoslovakia";121,0392436;14,480176
"Washington";-77,0365427;38,8950368
"Canada";-107,991707;61,0666922
"Connecticut";-72,7342163;41,6500201
"South Vietnam";13,4117863;52,5398428
"Maryland";-76,9382069;39,5162401
"France";1,8883335;46,603354
"Brazil";-53,2;-10,3333333
"Peru";-75,0458515;-6,8699697
"New York";-74,0060152;40,7127281
"Colombia";-72,9088133;4,099917
"Brazil";-53,2;-10,3333333
"California";-118,755997;36,7014631
"Poland";19,134422;52,215933
"France";1,8883335;46,603354
"Louisana";-97,3934111986172;27,76883795
"Alaska";-149,680909;64,4459613
"Utah";-111,714358;39,4225192
"Missouri";-92,5617875;38,7604815
"Turkey";34,9249653;38,9597594
"California";-118,755997;36,7014631
"Florida";-81,4639835;27,7567667
"Massachusetts";-72,032366;42,3788774
"Philippines";122,7312101;12,7503486
"Tennesee";-106,4894389;32,4553681
"Iran";54,5643516;32,6475314
"Bolivia";-64,9912286;-17,0568696
"Italy";12,674297;42,6384261
"Japan";139,2394179;36,5748441
"Sweden";14,5208584;59,6749712
"Norway";8,7876653;61,1529386
"Cameroon";13,1535811;4,6125522
"Alaska";-149,680909;64,4459613
"India";78,6677428;22,3511148
"West Germany";-79,1166983;40,4203479
"New York";-74,0060152;40,7127281
"New Zealand";172,8344077;-41,5000831
"India";78,6677428;22,3511148
"France";1,8883335;46,603354
"Montana";-109,638757;47,3752671
"Russia";97,7453061;64,6863136
"Florida";-81,4639835;27,7567667
"Switzerland";8,2319736;46,7985624
"New York";-74,0060152;40,7127281
"England";-1,2649062;52,5310214
"Finland";25,9209164;63,2467777
"Canada";-107,991707;61,0666922
"Colorado";-105,607716;38,7251776
"Maryland";-76,9382069;39,5162401
"Afghanistan";66,2385139;33,7680065
"California";-118,755997;36,7014631
"Argentina";-64,9672817;-34,9964963
"Arizona";-111,763275;34,395342
"Florida";-81,4639835;27,7567667
"India";78,6677428;22,3511148
"Philippines";122,7312101;12,7503486
"Montana";-109,638757;47,3752671
"Louisiana";-92,007126;30,8703881
"Japan";139,2394179;36,5748441
"Austria";14,12456;47,59397
"Nevada";-116,8537227;39,5158825
"Colombia";-72,9088133;4,099917
"Near Chicago Illinois";-87,6355657;41,8909589
"Montana";-109,638757;47,3752671
"North Carolina";-79,0392919;35,6729639
"Italy";12,674297;42,6384261
"Saudi Arabia";42,3528328;25,6242618
"Alaska";-149,680909;64,4459613
"California";-118,755997;36,7014631
"Peru";-75,0458515;-6,8699697
"Philippines";122,7312101;12,7503486
"Philippines";122,7312101;12,7503486
"Texas";-98,5456116;31,2638905
"Massachusetts";-72,032366;42,3788774
"Taiwan";120,9820179;23,9739374
"Spain";-4,8379791;39,3260685
"Virginia";-78,4927721;37,1232245
"Tennessee";-86,2820081;35,7730076
"Italy";12,674297;42,6384261
"Tennesee";-106,4894389;32,4553681
"Nevada";-116,8537227;39,5158825
"Virginia";-78,4927721;37,1232245
"Tennesee";-106,4894389;32,4553681
"Alaska";-149,680909;64,4459613
"Massachusetts";-72,032366;42,3788774
"Brazil";-53,2;-10,3333333
"Thailand";100,83273;14,8971921
"Colombia";-72,9088133;4,099917
"Spain";-4,8379791;39,3260685
"Arizona";-111,763275;34,395342
"Yugoslavia";-81,526141947349;23,04123655
"Colorado";-105,607716;38,7251776
"Nevada";-116,8537227;39,5158825
"Vietnam";107,9650855;15,9266657
"Zaire";23,8222636;-2,9814344
"Arkansas";-92,4479108;35,2048883
"Bolivia";-64,9912286;-17,0568696
"Philippines";122,7312101;12,7503486
"California";-118,755997;36,7014631
"Michigan";-84,6824346;43,6211955
"Alaska";-149,680909;64,4459613
"Kansas";-98,5821872;38,27312
"Chile";-71,3187697;-31,7613365
"New York";-74,0060152;40,7127281
"Florida";-81,4639835;27,7567667
"New York";-74,0060152;40,7127281
"Philippines";122,7312101;12,7503486
"Canada";-107,991707;61,0666922
"Colombia";-72,9088133;4,099917
"Morocco";-7,3362482;31,1728205
"Ohio";-82,6881395;40,2253569
"Pennsylvania";-77,7278831;40,9699889
"Washington";-77,0365427;38,8950368
"Egypt";29,2675469;26,2540493
"Georgia";-83,1137366;32,3293809
"California";-118,755997;36,7014631
"California";-118,755997;36,7014631
"Missouri";-92,5617875;38,7604815
"Pakistan";71,247499;30,3308401
"England";-1,2649062;52,5310214
"Canada";-107,991707;61,0666922
"Massachusetts";-72,032366;42,3788774
"Virgin Islands";-64,7080574;17,789187
"Japan";139,2394179;36,5748441
"Philippines";122,7312101;12,7503486
"Panama";-81,1308434;8,559559
"Brazil";-53,2;-10,3333333
"Illinois";-89,4337288;40,0796606
"Belgium";4,6667145;50,6402809
"Hong Kong";114,1628131;22,2793278
"Alaska";-149,680909;64,4459613
"Phillipines";-61,4561398;10,2447856
"Ecuador";-79,3666965;-1,3397668
"Antigua";-61,7904504580558;17,10371515
"India";78,6677428;22,3511148
"Philippines";122,7312101;12,7503486
"England";-1,2649062;52,5310214
"Colombia";-72,9088133;4,099917
"Kentucky";-85,1551411;37,5726028
"Utah";-111,714358;39,4225192
"Hawaii";-155,428370097169;19,5938015
"California";-118,755997;36,7014631
"Utah";-111,714358;39,4225192
"New York";-74,0060152;40,7127281
"Canary Islands";-16,7960118089107;28,2863989
"South Vietnam";13,4117863;52,5398428
"Arizona";-111,763275;34,395342
"Philippines";122,7312101;12,7503486
"Texas";-98,5456116;31,2638905
"Colombia";-72,9088133;4,099917
"Switzerland";8,2319736;46,7985624
"South Vietnam";13,4117863;52,5398428
"Pennsylvania";-77,7278831;40,9699889
"Germany";10,4478313;51,1638175
"Japan";139,2394179;36,5748441
"Illinois";-89,4337288;40,0796606
"Italy";12,674297;42,6384261
"Japan";139,2394179;36,5748441
"Colorado";-105,607716;38,7251776
"Japan";139,2394179;36,5748441
"California";-118,755997;36,7014631
"Alaska";-149,680909;64,4459613
"Egypt";29,2675469;26,2540493
"West Virginia";-80,8408415;38,4758406
"Oklahoma";-97,2684063;34,9550817
"Peru";-75,0458515;-6,8699697
"South Vietnam";13,4117863;52,5398428
"Washington";-77,0365427;38,8950368
"Indiana";-86,1746933;40,3270127
"Mississippi";-89,7348497;32,9715285
"Alabama";-86,8295337;33,2588817
"Philippines";122,7312101;12,7503486
"New Zealand";172,8344077;-41,5000831
"Indiana";-86,1746933;40,3270127
"Nebraska";-99,5873816;41,7370229
"Alaska";-149,680909;64,4459613
"Ohio";-82,6881395;40,2253569
"Argentina";-64,9672817;-34,9964963
"Alaska";-149,680909;64,4459613
"Yugoslavia";-81,526141947349;23,04123655
"Spain";-4,8379791;39,3260685
"Australia";134,755;-24,7761086
"Colombia";-72,9088133;4,099917
"Oregon";-120,737257;43,9792797
"Louisiana";-92,007126;30,8703881
"Michigan";-84,6824346;43,6211955
"Alabama";-86,8295337;33,2588817
"New York";-74,0060152;40,7127281
"Massachusetts";-72,032366;42,3788774
"Japan";139,2394179;36,5748441
"Germany";10,4478313;51,1638175
"North Carolina";-79,0392919;35,6729639
"Yemen";47,8915271;16,3471243
"Czechoslovakia";121,0392436;14,480176
"South Vietnam";13,4117863;52,5398428
"Colombia";-72,9088133;4,099917
"Vietnam";107,9650855;15,9266657
"Colombia";-72,9088133;4,099917
"New Jersey";-74,4041622;40,0757384
"Hawaii";-155,428370097169;19,5938015
"Germany";10,4478313;51,1638175
"Brazil";-53,2;-10,3333333
"New Mexico";-105,993007;34,5708167
"Mexico";-102,0077097;23,6585116
"Ohio";-82,6881395;40,2253569
"Indonesia";117,8902853;-2,4833826
"Honduras";-86,0755145;15,2572432
"Philippines";122,7312101;12,7503486
"Liberia";-9,3658524;5,7499721
"Ohio";-82,6881395;40,2253569
"Ohio";-82,6881395;40,2253569
"South Vietnam";13,4117863;52,5398428
"Oregon";-120,737257;43,9792797
"South Africa";24,991639;-28,8166236
"Alaska";-149,680909;64,4459613
"Mississippi";-89,7348497;32,9715285
"Louisiana";-92,007126;30,8703881
"California";-118,755997;36,7014631
"Kentucky";-85,1551411;37,5726028
"South Korea";127,6961188;36,638392
"Iran";54,5643516;32,6475314
"Cyprus";33,1451285;34,9823018
"Massachusetts";-72,032366;42,3788774
"Philippines";122,7312101;12,7503486
"New York";-74,0060152;40,7127281
"Virginia";-78,4927721;37,1232245
"Canada";-107,991707;61,0666922
"France";1,8883335;46,603354
"England";-1,2649062;52,5310214
"Ireland";-7,9794599;52,865196
"Brazil";-53,2;-10,3333333
"South Vietnam";13,4117863;52,5398428
"Vietnam";107,9650855;15,9266657
"Pennsylvania";-77,7278831;40,9699889
"North Carolina";-79,0392919;35,6729639
"Philippines";122,7312101;12,7503486
"Malagasy Republic";4,42114640756933;50,83506535
"North Carolina";-79,0392919;35,6729639
"Laos";103,378253;20,0171109
"Arizona";-111,763275;34,395342
"Canada";-107,991707;61,0666922
"New Mexico";-105,993007;34,5708167
"South Vietnam";13,4117863;52,5398428
"Puerto Rico";-66,4858295;18,2247706
"Greece";21,9877132;38,9953683
"Arizona";-111,763275;34,395342
"Georgia";-83,1137366;32,3293809
"China";104,999927;35,000074
"Ohio";-82,6881395;40,2253569
"Kentucky";-85,1551411;37,5726028
"Alaska";-149,680909;64,4459613
"California";-118,755997;36,7014631
"South Vietnam";13,4117863;52,5398428
"Wisconsin";-89,6884637;44,4308975
"Hawaii";-155,428370097169;19,5938015
"New Mexico";-105,993007;34,5708167
"Colorado";-105,607716;38,7251776
"Thailand";100,83273;14,8971921
"Latvia";24,7537645;56,8406494
"Louisiana";-92,007126;30,8703881
"California";-118,755997;36,7014631
"Alaska";-149,680909;64,4459613
"South Vietnam";13,4117863;52,5398428
"Nevada";-116,8537227;39,5158825
"Egypt";29,2675469;26,2540493
"Northern India";32,6006811;3,3409222
"Taiwan";120,9820179;23,9739374
"Utah";-111,714358;39,4225192
"West Indies";0,461789079691514;50,83635905
"South Vietnam";13,4117863;52,5398428
"Philippines";122,7312101;12,7503486
"Reunion";55,5364801129923;-21,13073795
"Rhode Island";-71,5992372;41,7962409
"Missouri";-92,5617875;38,7604815
"Ireland";-7,9794599;52,865196
"Missouri";-92,5617875;38,7604815
"Russia";97,7453061;64,6863136
"England";-1,2649062;52,5310214
"Georgia";-83,1137366;32,3293809
"South Vietnam";13,4117863;52,5398428
"South Africa (Namibia)";27,8563064;-26,212012
"California";-118,755997;36,7014631
"Texas";-98,5456116;31,2638905
"Libya";18,1236723;26,8234472
"Vietnam";107,9650855;15,9266657
"Michigan";-84,6824346;43,6211955
"California";-118,755997;36,7014631
"Georgia";-83,1137366;32,3293809
"India";78,6677428;22,3511148
"Spain";-4,8379791;39,3260685
"South Vietnam";13,4117863;52,5398428
"Missouri";-92,5617875;38,7604815
"Rhode Island";-71,5992372;41,7962409
"Italy";12,674297;42,6384261
"Wisconsin";-89,6884637;44,4308975
"Germany";10,4478313;51,1638175
"West Virginia";-80,8408415;38,4758406
"California";-118,755997;36,7014631
"Egypt";29,2675469;26,2540493
"Venezuela";-66,1109318;8,0018709
"Washington";-77,0365427;38,8950368
"Bulgaria";25,4856617;42,6073975
"New York";-74,0060152;40,7127281
"France";1,8883335;46,603354
"Alaska";-149,680909;64,4459613
"South Vietnam";13,4117863;52,5398428
"Nevada";-116,8537227;39,5158825
"Pennsylvania";-77,7278831;40,9699889
"South Vietnam";13,4117863;52,5398428
"New Hampshire";-71,6553992;43,4849133
"Alaska";-149,680909;64,4459613
"California";-118,755997;36,7014631
"California";-118,755997;36,7014631
"Alaska";-149,680909;64,4459613
"Alaska";-149,680909;64,4459613
"Virgin Islands";-64,7080574;17,789187
"Montana";-109,638757;47,3752671
"Venezuela";-66,1109318;8,0018709
"Pennsylvania";-77,7278831;40,9699889
"Alaska";-149,680909;64,4459613
"Illinois";-89,4337288;40,0796606
"Alaska";-149,680909;64,4459613
"Australia";134,755;-24,7761086
"Taiwan";120,9820179;23,9739374
"Alaska";-149,680909;64,4459613
"England";-1,2649062;52,5310214
"Pennsylvania";-77,7278831;40,9699889
"California";-118,755997;36,7014631
"California";-118,755997;36,7014631
"Washington";-77,0365427;38,8950368
"Philippines";122,7312101;12,7503486
"California";-118,755997;36,7014631
"Puerto Rico";-66,4858295;18,2247706
"Venezuela";-66,1109318;8,0018709
"Kansas";-98,5821872;38,27312
"Egypt";29,2675469;26,2540493
"Louisiana";-92,007126;30,8703881
"Bahamas";-78,0000547;24,7736546
"South Vietnam";13,4117863;52,5398428
"North Korea";127,0870417;40,3736611
"Alaska";-149,680909;64,4459613
"Bangladesh";90,2934413;24,4769288
"Thailand";100,83273;14,8971921
"South Vietnam";13,4117863;52,5398428
"New Jersey";-74,4041622;40,0757384
"Italy";12,674297;42,6384261
"Mexico";-102,0077097;23,6585116
"Oregon";-120,737257;43,9792797
"Washington";-77,0365427;38,8950368
"Georgia";-83,1137366;32,3293809
"Alaska";-149,680909;64,4459613
"New York";-74,0060152;40,7127281
"Alaska";-149,680909;64,4459613
"Hawaii";-155,428370097169;19,5938015
"New Jersey";-74,4041622;40,0757384
"Arizona";-111,763275;34,395342
"Canada";-107,991707;61,0666922
"Laos";103,378253;20,0171109
"Iowa";-93,3122705;41,9216734
"Laos";103,378253;20,0171109
"Thailand";100,83273;14,8971921
"Colombia";-72,9088133;4,099917
"Indiana";-86,1746933;40,3270127
"Brazil";-53,2;-10,3333333
"Canada";-107,991707;61,0666922
"Vietnam";107,9650855;15,9266657
"Gulf of Tonkin";107,364436971686;19,5000383
"Colorado";-105,607716;38,7251776
"Alaska";-149,680909;64,4459613
"New York";-74,0060152;40,7127281
"Nigeria";7,9999721;9,6000359
"Greece";21,9877132;38,9953683
"Maine";-68,8590201;45,709097
"California";-118,755997;36,7014631
"Alaska";-149,680909;64,4459613
"Sweden";14,5208584;59,6749712
"Western Samoa";-172,12005;-13,7693895
"Michigan";-84,6824346;43,6211955
"Ohio";-82,6881395;40,2253569
"Connecticut";-72,7342163;41,6500201
"Dominican Republic";-70,3028026;19,0974031
"New Jersey";-74,4041622;40,0757384
"Switzerland";8,2319736;46,7985624
"South Vietnam";13,4117863;52,5398428
"New York";-74,0060152;40,7127281
"Arizona";-111,763275;34,395342
"Morocco";-7,3362482;31,1728205
"Maryland";-76,9382069;39,5162401
"US Virgin Islands";-64,7080574;17,789187
"Michigan";-84,6824346;43,6211955
"Georgia";-83,1137366;32,3293809
"Libya";18,1236723;26,8234472
"Spain";-4,8379791;39,3260685
"Canada";-107,991707;61,0666922
"New Mexico";-105,993007;34,5708167
"Japan";139,2394179;36,5748441
"Pakistan";71,247499;30,3308401
"Peru";-75,0458515;-6,8699697
"Taiwan";120,9820179;23,9739374
"New York";-74,0060152;40,7127281
"Canada";-107,991707;61,0666922
"Colorado";-105,607716;38,7251776
"Taiwan";120,9820179;23,9739374
"Pennsylvania";-77,7278831;40,9699889
"Ohio";-82,6881395;40,2253569
"Delaware";-75,4013315;38,6920451
"West Virginia";-80,8408415;38,4758406
"South Vietnam";13,4117863;52,5398428
"Alaska";-149,680909;64,4459613
"South Vietnam";13,4117863;52,5398428
"South Vietnam";13,4117863;52,5398428
"Virgin Islands";-64,7080574;17,789187
"New Jersey";-74,4041622;40,0757384
"Switzerland";8,2319736;46,7985624
"Peru";-75,0458515;-6,8699697
"Puerto Rico";-66,4858295;18,2247706
"California";-118,755997;36,7014631
"Philippines";122,7312101;12,7503486
"Arizona";-111,763275;34,395342
"Virgin Islands";-64,7080574;17,789187
"New Hampshire";-71,6553992;43,4849133
"Arizona";-111,763275;34,395342
"Alaska";-149,680909;64,4459613
"Yugoslavia";-81,526141947349;23,04123655
"South Africa";24,991639;-28,8166236
"Virginia";-78,4927721;37,1232245
"California";-118,755997;36,7014631
"Connecticut";-72,7342163;41,6500201
"Chile";-71,3187697;-31,7613365
"California";-118,755997;36,7014631
"Japan";139,2394179;36,5748441
"Alaska";-149,680909;64,4459613
"Japan";139,2394179;36,5748441
"California";-118,755997;36,7014631
"France";1,8883335;46,603354
"Alaska";-149,680909;64,4459613
"West Germany";-79,1166983;40,4203479
"Maine";-68,8590201;45,709097
"India";78,6677428;22,3511148
"Alaska";-149,680909;64,4459613
"Mississippi";-89,7348497;32,9715285
"Belgium";4,6667145;50,6402809
"Arizona";-111,763275;34,395342
"Virginia";-78,4927721;37,1232245
"Illinois";-89,4337288;40,0796606
"Pennsylvania";-77,7278831;40,9699889
"Italy";12,674297;42,6384261
"South Vietnam";13,4117863;52,5398428
"North Carolina";-79,0392919;35,6729639
"Peru";-75,0458515;-6,8699697
"Spain";-4,8379791;39,3260685
"Nebraska";-99,5873816;41,7370229
"Colombia";-72,9088133;4,099917
"Czechoslovakia";121,0392436;14,480176
"Nevada";-116,8537227;39,5158825
"Laos";103,378253;20,0171109
"Mississippi";-89,7348497;32,9715285
"Idaho";-114,015407;43,6447642
"Hawaii";-155,428370097169;19,5938015
"New York";-74,0060152;40,7127281
"United Arab Emirates";53,9994829;24,0002488
"Brazil";-53,2;-10,3333333
"New York";-74,0060152;40,7127281
"Ethiopia";38,6521203;10,2116702
"Laos";103,378253;20,0171109
"Italy";12,674297;42,6384261
"South Vietnam";13,4117863;52,5398428
"New Mexico";-105,993007;34,5708167
"Louisiana";-92,007126;30,8703881
"Texas";-98,5456116;31,2638905
"Alaska";-149,680909;64,4459613
"Kansas";-98,5821872;38,27312
"India";78,6677428;22,3511148
"Vietnam";107,9650855;15,9266657
"Texas";-98,5456116;31,2638905
"Vietnam";107,9650855;15,9266657
"England";-1,2649062;52,5310214
"Puerto Rico";-66,4858295;18,2247706
"New York";-74,0060152;40,7127281
"Wisconsin";-89,6884637;44,4308975
"Nevada";-116,8537227;39,5158825
"Norway";8,7876653;61,1529386
"South Vietnam";13,4117863;52,5398428
"East Germany";9,5482377;54,5077516
"New Guinea";142,087090522459;-5,52259305
"Bolivia";-64,9912286;-17,0568696
"Ethiopia";38,6521203;10,2116702
"Nepal";84,0917139;28,1083929
"Russia";97,7453061;64,6863136
"USSR";68,7947829;38,5671241
"Chile";-71,3187697;-31,7613365
"Greece";21,9877132;38,9953683
"France";1,8883335;46,603354
"South Vietnam";13,4117863;52,5398428
"Kentucky";-85,1551411;37,5726028
"Russia";97,7453061;64,6863136
"Minnesota";-94,6113288;45,9896587
"Canary Islands";-16,7960118089107;28,2863989
"Egypt";29,2675469;26,2540493
"Washington";-77,0365427;38,8950368
"Illinois";-89,4337288;40,0796606
"Michigan";-84,6824346;43,6211955
"Illinois";-89,4337288;40,0796606
"Florida";-81,4639835;27,7567667
"Puerto Rico";-66,4858295;18,2247706
"Canada";-107,991707;61,0666922
"England";-1,2649062;52,5310214
"Russia";97,7453061;64,6863136
"Nigeria";7,9999721;9,6000359
"Tennessee";-86,2820081;35,7730076
"Alaska";-149,680909;64,4459613
"Czechoslovakia";121,0392436;14,480176
"Louisiana";-92,007126;30,8703881
"Egypt";29,2675469;26,2540493
"Vermont";-72,5002608;44,5990718
"Poland";19,134422;52,215933
"Russia";97,7453061;64,6863136
"France";1,8883335;46,603354
"Maine";-68,8590201;45,709097
"Switzerland";8,2319736;46,7985624
"California";-118,755997;36,7014631
"California";-118,755997;36,7014631
"Iowa";-93,3122705;41,9216734
"Maine";-68,8590201;45,709097
"Alaska";-149,680909;64,4459613
"India";78,6677428;22,3511148
"France";1,8883335;46,603354
"Tahiti";-149,445168114237;-17,68734395
"Missouri";-92,5617875;38,7604815
"HI";-155,428370097169;19,5938015
"Massachusett";-75,5053865;39,1066153
"Alaska";-149,680909;64,4459613
"Russia";97,7453061;64,6863136
"Spain";-4,8379791;39,3260685
"Haiti";-72,3570972;19,1399952
"Colombia";-72,9088133;4,099917
"Spain";-4,8379791;39,3260685
"California";-118,755997;36,7014631
"Indiana";-86,1746933;40,3270127
"Alaska";-149,680909;64,4459613
"Kentucky";-85,1551411;37,5726028
"Louisiana";-92,007126;30,8703881
"California";-118,755997;36,7014631
"Nebraska";-99,5873816;41,7370229
"Arkansas";-92,4479108;35,2048883
"Russia";97,7453061;64,6863136
"California";-118,755997;36,7014631
"New Mexico";-105,993007;34,5708167
"Massachusett";-75,5053865;39,1066153
"Canada";-107,991707;61,0666922
"Italy";12,674297;42,6384261
"Kansas";-98,5821872;38,27312
"Morocco";-7,3362482;31,1728205
"Italy";12,674297;42,6384261
"Pennsylvania";-77,7278831;40,9699889
"Colombia";-72,9088133;4,099917
"Colombia";-72,9088133;4,099917
"Washington";-77,0365427;38,8950368
"Turkey";34,9249653;38,9597594
"New Mexico";-105,993007;34,5708167
"Minnesota";-94,6113288;45,9896587
"American Samoa";-170,7131481;-14,297124
"HI";-155,428370097169;19,5938015
"Crete";24,463342318423;35,3084952
"France";1,8883335;46,603354
"Nevada";-116,8537227;39,5158825
"California";-118,755997;36,7014631
"Iran";54,5643516;32,6475314
"Botswana";24,5928742;-23,1681782
"Hawaii";-155,428370097169;19,5938015
"Indonesia";117,8902853;-2,4833826
"Texas";-98,5456116;31,2638905
"Ecuador";-79,3666965;-1,3397668
"Germany";10,4478313;51,1638175
"Illinois";-89,4337288;40,0796606
"Colombia";-72,9088133;4,099917
"Alaska";-149,680909;64,4459613
"Colombia";-72,9088133;4,099917
"Colombia";-72,9088133;4,099917
"Alaska";-149,680909;64,4459613
"Greece";21,9877132;38,9953683
"North Carolina";-79,0392919;35,6729639
"Vietnam";107,9650855;15,9266657
"California";-118,755997;36,7014631
"Alaska";-149,680909;64,4459613
"Alaska";-149,680909;64,4459613
"U.S. Virgin Islands";-64,7080574;17,789187
"Alaska";-149,680909;64,4459613
"Philippines";122,7312101;12,7503486
"Arizona";-111,763275;34,395342
"Oklahoma";-97,2684063;34,9550817
"Illinois";-89,4337288;40,0796606
"Alaska";-149,680909;64,4459613
"Colorado";-105,607716;38,7251776
"Canada";-107,991707;61,0666922
"Alaska";-149,680909;64,4459613
"Kenya";38,4313975;1,4419683
"New York";-74,0060152;40,7127281
"Virginia";-78,4927721;37,1232245
"Sri Lanka";80,6624785235589;7,87739585
"Venezuela";-66,1109318;8,0018709
"Washingon";-98,8121536;29,0714275
"Washington";-77,0365427;38,8950368
"Colombia";-72,9088133;4,099917
"California";-118,755997;36,7014631
"Alaska";-149,680909;64,4459613
"Texas";-98,5456116;31,2638905
"Philippines";122,7312101;12,7503486
"Alaska";-149,680909;64,4459613
"Colombia";-72,9088133;4,099917
"Wisconsin";-89,6884637;44,4308975
"South Vietnam";13,4117863;52,5398428
"Argentina";-64,9672817;-34,9964963
"Washington";-77,0365427;38,8950368
"Vietnam";107,9650855;15,9266657
"California";-118,755997;36,7014631
"Alaska";-149,680909;64,4459613
"Alaska";-149,680909;64,4459613
"Thailand";100,83273;14,8971921
"New York";-74,0060152;40,7127281
"Ohio";-82,6881395;40,2253569
"Colombia";-72,9088133;4,099917
"California";-118,755997;36,7014631
"Michigan";-84,6824346;43,6211955
"Morocco";-7,3362482;31,1728205
"Honduras";-86,0755145;15,2572432
"Colorado";-105,607716;38,7251776
"Syria";39,0494106;34,6401861
"Ohio";-82,6881395;40,2253569
"Alaska";-149,680909;64,4459613
"Australia";134,755;-24,7761086
"Nevada";-116,8537227;39,5158825
"Bolivia";-64,9912286;-17,0568696
"Czechoslovakia";121,0392436;14,480176
"Gulf of Mexico";-89,9066163;25,2834459
"Pennsylvania";-77,7278831;40,9699889
"Egypt";29,2675469;26,2540493
"Nevada";-116,8537227;39,5158825
"Colorado";-105,607716;38,7251776
"Saudi Arabia";42,3528328;25,6242618
"Alaska";-149,680909;64,4459613
"New Mexico";-105,993007;34,5708167
"Idaho";-114,015407;43,6447642
"Bolivia";-64,9912286;-17,0568696
"Ecuador";-79,3666965;-1,3397668
"Louisiana";-92,007126;30,8703881
"Alaska";-149,680909;64,4459613
"California";-118,755997;36,7014631
"Virgin Islands";-64,7080574;17,789187
"Russia";97,7453061;64,6863136
"Alaska";-149,680909;64,4459613
"California";-118,755997;36,7014631
"Alaska";-149,680909;64,4459613
"Washington";-77,0365427;38,8950368
"Colorado";-105,607716;38,7251776
"California";-118,755997;36,7014631
"Gulf of Mexico";-89,9066163;25,2834459
"Alaska";-149,680909;64,4459613
"Virgin Islands";-64,7080574;17,789187
"Greece";21,9877132;38,9953683
"Spain";-4,8379791;39,3260685
"Alaska";-149,680909;64,4459613
"Guam";144,757551029721;13,4501257
"Colorado";-105,607716;38,7251776
"Missouri";-92,5617875;38,7604815
"Kansas";-98,5821872;38,27312
"Vermont";-72,5002608;44,5990718
"Utah";-111,714358;39,4225192
"Greenland";-42,8125967;77,6192349
"England";-1,2649062;52,5310214
"Portugal";-8,1353519;39,6621648
"Russia";97,7453061;64,6863136
"Yugoslavia";-81,526141947349;23,04123655
"Turkey";34,9249653;38,9597594
"California";-118,755997;36,7014631
"Barbados";-59,5250305;13,1500331
"North Carolina";-79,0392919;35,6729639
"India";78,6677428;22,3511148
"Virginia";-78,4927721;37,1232245
"Colombia";-72,9088133;4,099917
"Ireland";-7,9794599;52,865196
"Russia";97,7453061;64,6863136
"Arizona";-111,763275;34,395342
"New Jersey";-74,4041622;40,0757384
"Thailand";100,83273;14,8971921
"California";-118,755997;36,7014631
"USSR";68,7947829;38,5671241
"Alaska";-149,680909;64,4459613
"Italy";12,674297;42,6384261
"Niger";9,3238432;17,7356214
"Missouri";-92,5617875;38,7604815
"Canada";-107,991707;61,0666922
"Canary Islands";-16,7960118089107;28,2863989
"Georgia";-83,1137366;32,3293809
"Jordan";36,941628;31,1667049
"Lebanon";35,843409;33,8750629
"Zambia";27,5589884;-14,5189121
"New York";-74,0060152;40,7127281
"Louisiana";-92,007126;30,8703881
"Angola";17,5691241;-11,8775768
"Ethiopia";38,6521203;10,2116702
"Alaska";-149,680909;64,4459613
"Chile";-71,3187697;-31,7613365
"Honduras";-86,0755145;15,2572432
"Idaho";-114,015407;43,6447642
"California";-118,755997;36,7014631
"West Virginia";-80,8408415;38,4758406
"Hawaii";-155,428370097169;19,5938015
"Off Hong Kong";114,125862700406;22,52854795
"Alaska";-149,680909;64,4459613
"Alaska";-149,680909;64,4459613
"Alaska";-149,680909;64,4459613
"New Mexico";-105,993007;34,5708167
"Romania";24,6859225;45,9852129
"Colorado";-105,607716;38,7251776
"Pennsylvania";-77,7278831;40,9699889
"Louisiana";-92,007126;30,8703881
"Mississippi";-89,7348497;32,9715285
"Philippines";122,7312101;12,7503486
"Portugal";-8,1353519;39,6621648
"Italy";12,674297;42,6384261
"Argentina";-64,9672817;-34,9964963
"France";1,8883335;46,603354
"North Carolina";-79,0392919;35,6729639
"Malaysia";102,2656823;4,5693754
"Louisiana";-92,007126;30,8703881
"Canary Islands";-16,7960118089107;28,2863989
"Indiana";-86,1746933;40,3270127
"Indiana";-86,1746933;40,3270127
"Utah";-111,714358;39,4225192
"Puerto Rico";-66,4858295;18,2247706
"Texas";-98,5456116;31,2638905
"India";78,6677428;22,3511148
"Illinois";-89,4337288;40,0796606
"Pennsylvania";-77,7278831;40,9699889
"Colombia";-72,9088133;4,099917
"Uruguay";-56,0201525;-32,8755548
"Washington";-77,0365427;38,8950368
"Canada";-107,991707;61,0666922
"Nevada";-116,8537227;39,5158825
"Alaska";-149,680909;64,4459613
"California";-118,755997;36,7014631
"California";-118,755997;36,7014631
"Guam";144,757551029721;13,4501257
"Nigeria";7,9999721;9,6000359
"Mississippi";-89,7348497;32,9715285
"Michigan";-84,6824346;43,6211955
"California";-118,755997;36,7014631
"Burma";95,9999652;17,1750495
"Brazil";-53,2;-10,3333333
"Texas";-98,5456116;31,2638905
"Virgin Islands";-64,7080574;17,789187
"Indiana";-86,1746933;40,3270127
"AK";-149,680909;64,4459613
"Florida";-81,4639835;27,7567667
"Canada";-107,991707;61,0666922
"New Mexico";-105,993007;34,5708167
"Nevada";-116,8537227;39,5158825
"Illinois";-89,4337288;40,0796606
"Alaska";-149,680909;64,4459613
"Philippines";122,7312101;12,7503486
"California";-118,755997;36,7014631
"Puerto Rico";-66,4858295;18,2247706
"Alaska";-149,680909;64,4459613
"New Mexico";-105,993007;34,5708167
"Texas";-98,5456116;31,2638905
"Sri Lanka";80,6624785235589;7,87739585
"Kansas";-98,5821872;38,27312
"India";78,6677428;22,3511148
"Alaska";-149,680909;64,4459613
"Connecticut";-72,7342163;41,6500201
"Coloado";135,6930263;34,9349821
"Illinois";-89,4337288;40,0796606
"Alaska";-149,680909;64,4459613
"Italy";12,674297;42,6384261
"Oregon";-120,737257;43,9792797
"Massachusetts";-72,032366;42,3788774
"Michigan";-84,6824346;43,6211955
"Algeria";2,9999825;28,0000272
"West Virginia";-80,8408415;38,4758406
"Rhodesia";-89,6998653;13,6369977
"New Zealand";172,8344077;-41,5000831
"Mississippi";-89,7348497;32,9715285
"Mississippi";-89,7348497;32,9715285
"Illinois";-89,4337288;40,0796606
"Indonesia";117,8902853;-2,4833826
"California";-118,755997;36,7014631
"China";104,999927;35,000074
"Russia";97,7453061;64,6863136
"Latvia";24,7537645;56,8406494
"Alaska";-149,680909;64,4459613
"New Mexico";-105,993007;34,5708167
"New Jersey";-74,4041622;40,0757384
"Illinois";-89,4337288;40,0796606
"Alaska";-149,680909;64,4459613
"Alaska";-149,680909;64,4459613
"Maine";-68,8590201;45,709097
"India";78,6677428;22,3511148
"Illinois";-89,4337288;40,0796606
"Massachusetts";-72,032366;42,3788774
"Indonesia";117,8902853;-2,4833826
"Alaska";-149,680909;64,4459613
"Hawaii";-155,428370097169;19,5938015
"Virgin Islands";-64,7080574;17,789187
"Idaho";-114,015407;43,6447642
"New York";-74,0060152;40,7127281
"USSR";68,7947829;38,5671241
"Canada";-107,991707;61,0666922
"Oregon";-120,737257;43,9792797
"Italy";12,674297;42,6384261
"Alaska";-149,680909;64,4459613
"Kentucky";-85,1551411;37,5726028
"Alaska";-149,680909;64,4459613
"Indiana";-86,1746933;40,3270127
"California";-118,755997;36,7014631
"Mexico";-102,0077097;23,6585116
"South Carolina";-80,4363743;33,6874388
"Oregon";-120,737257;43,9792797
"Illinois";-89,4337288;40,0796606
"Russia";97,7453061;64,6863136
"Utah";-111,714358;39,4225192
"Saudi Arabia";42,3528328;25,6242618
"Antarctica";0,3149312;-79,4063075
"Peru";-75,0458515;-6,8699697
"Iran";54,5643516;32,6475314
"Burma";95,9999652;17,1750495
"Louisiana";-92,007126;30,8703881
"Philippines";122,7312101;12,7503486
"Poland";19,134422;52,215933
"Turkey";34,9249653;38,9597594
"Texas";-98,5456116;31,2638905
"Brazil";-53,2;-10,3333333
"Canary Islands";-16,7960118089107;28,2863989
"Thailand";100,83273;14,8971921
"Colombia";-72,9088133;4,099917
"Florida";-81,4639835;27,7567667
"Spain";-4,8379791;39,3260685
"Angola";17,5691241;-11,8775768
"Nebraska";-99,5873816;41,7370229
"Hawaii";-155,428370097169;19,5938015
"Italy";12,674297;42,6384261
"USSR";68,7947829;38,5671241
"Arizona";-111,763275;34,395342
"Pennsylvania";-77,7278831;40,9699889
"Alaska";-149,680909;64,4459613
"Louisiana";-92,007126;30,8703881
"Mauretania";-9,2399263;20,2540382
"Spain";-4,8379791;39,3260685
"Qatar";51,2295295;25,3336984
"Saudi Arabia";42,3528328;25,6242618
"Bahamas";-78,0000547;24,7736546
"Saudi Arabia";42,3528328;25,6242618
"Florida";-81,4639835;27,7567667
"Egypt";29,2675469;26,2540493
"Texas";-98,5456116;31,2638905
"IN";78,6677428;22,3511148
"Alaska";-149,680909;64,4459613
"Washington";-77,0365427;38,8950368
"Nevada";-116,8537227;39,5158825
"Louisiana";-92,007126;30,8703881
"New York";-74,0060152;40,7127281
"Massachusetts";-72,032366;42,3788774
"Nevada";-116,8537227;39,5158825
"Comoro Islands";44,4107048609822;-12,22656805
"Alaska";-149,680909;64,4459613
"Ohio";-82,6881395;40,2253569
"Colorado";-105,607716;38,7251776
"Indonesia";117,8902853;-2,4833826
"Maryland";-76,9382069;39,5162401
"Argentina";-64,9672817;-34,9964963
"Ecuador";-79,3666965;-1,3397668
"California";-118,755997;36,7014631
"Michigan";-84,6824346;43,6211955
"Armenia";44,6736646;40,7696272
"Kansas";-98,5821872;38,27312
"Alaska";-149,680909;64,4459613
"Taiwan";120,9820179;23,9739374
"Russia";97,7453061;64,6863136
"Turkey";34,9249653;38,9597594
"Iran";54,5643516;32,6475314
"Wyoming";-107,568534;43,1700264
"Netherlands";5,6343227;52,2434979
"U.S. Virgin Islands";-64,7080574;17,789187
"Pennsylvania";-77,7278831;40,9699889
"Russia";97,7453061;64,6863136
"France";1,8883335;46,603354
"Hawaii";-155,428370097169;19,5938015
"Alaska";-149,680909;64,4459613
"AK";-149,680909;64,4459613
"Colombia";-72,9088133;4,099917
"South Africa";24,991639;-28,8166236
"Colorado";-105,607716;38,7251776
"D.C.";-76,9880428191095;38,89384735
"Massachusett";-75,5053865;39,1066153
"South Korea";127,6961188;36,638392
"Japan";139,2394179;36,5748441
"Rhode Island";-71,5992372;41,7962409
"Norway";8,7876653;61,1529386
"Indonesia";117,8902853;-2,4833826
"USSR";68,7947829;38,5671241
"Florida";-81,4639835;27,7567667
"Illinois";-89,4337288;40,0796606
"Alaska";-149,680909;64,4459613
"Turkey";34,9249653;38,9597594
"China";104,999927;35,000074
"Hawaii";-155,428370097169;19,5938015
"South Korea";127,6961188;36,638392
"Brazil";-53,2;-10,3333333
"Russia";97,7453061;64,6863136
"Louisiana";-92,007126;30,8703881
"Oregon";-120,737257;43,9792797
"California";-118,755997;36,7014631
"Alaska";-149,680909;64,4459613
"New Hampshire";-71,6553992;43,4849133
"Nicaragua";-85,2936911;12,6090157
"Tennessee";-86,2820081;35,7730076
"West Germany";-79,1166983;40,4203479
"Spain";-4,8379791;39,3260685
"Alaksa";-121,6432268;47,8456227
"Alaska";-149,680909;64,4459613
"Alabama";-86,8295337;33,2588817
"Pennsylvania";-77,7278831;40,9699889
"Colorado";-105,607716;38,7251776
"Nicaragua";-85,2936911;12,6090157
"Alaksa";-121,6432268;47,8456227
"Chile";-71,3187697;-31,7613365
"Ohio";-82,6881395;40,2253569
"Michigan";-84,6824346;43,6211955
"Florida";-81,4639835;27,7567667
"Barquisimeto Venezuela";-69,3222293;10,0774374
"Georgia";-83,1137366;32,3293809
"New Jersey";-74,4041622;40,0757384
"Alaska";-149,680909;64,4459613
"Russia";97,7453061;64,6863136
"Japan";139,2394179;36,5748441
"Japan";139,2394179;36,5748441
"Ecuador";-79,3666965;-1,3397668
"Thailand";100,83273;14,8971921
"Bahamas";-78,0000547;24,7736546
"Kentucky";-85,1551411;37,5726028
"Taiwan";120,9820179;23,9739374
"Colorado";-105,607716;38,7251776
"Ecuador";-79,3666965;-1,3397668
"Canada";-107,991707;61,0666922
"Michigan";-84,6824346;43,6211955
"Arizona";-111,763275;34,395342
"USSR";68,7947829;38,5671241
"Russia";97,7453061;64,6863136
"China";104,999927;35,000074
"UAE";53,9994829;24,0002488
"Arizona";-111,763275;34,395342
"Uzbekistan";63,9528098;41,32373
"Missouri";-92,5617875;38,7604815
"Illinois";-89,4337288;40,0796606
"Pennsylvania";-77,7278831;40,9699889
"Angola";17,5691241;-11,8775768
"Texas";-98,5456116;31,2638905
"Spain";-4,8379791;39,3260685
"Spain";-4,8379791;39,3260685
"Ohio";-82,6881395;40,2253569
"Colombia";-72,9088133;4,099917
"Canada";-107,991707;61,0666922
"Missouri";-92,5617875;38,7604815
"Indiana";-86,1746933;40,3270127
"New York";-74,0060152;40,7127281
"Spain";-4,8379791;39,3260685
"Colombia";-72,9088133;4,099917
"South Korea";127,6961188;36,638392
"Pennsylvania";-77,7278831;40,9699889
"New Jersey";-74,4041622;40,0757384
"Canada";-107,991707;61,0666922
"Alaska";-149,680909;64,4459613
"American Samoa";-170,7131481;-14,297124
"Alaska";-149,680909;64,4459613
"Puerto Rico";-66,4858295;18,2247706
"Tennessee";-86,2820081;35,7730076
"Michigan";-84,6824346;43,6211955
"California";-118,755997;36,7014631
"Florida";-81,4639835;27,7567667
"Ecuador";-79,3666965;-1,3397668
"Canada";-107,991707;61,0666922
"Nevada";-116,8537227;39,5158825
"Russia";97,7453061;64,6863136
"Canada";-107,991707;61,0666922
"Florida";-81,4639835;27,7567667
"New York";-74,0060152;40,7127281
"Peru";-75,0458515;-6,8699697
"Russia";97,7453061;64,6863136
"Bolivia";-64,9912286;-17,0568696
"Kansas";-98,5821872;38,27312
"Cuba";-80,8328748;23,0131338
"New Mexico";-105,993007;34,5708167
"Nevada";-116,8537227;39,5158825
"Honduras";-86,0755145;15,2572432
"Colombia";-72,9088133;4,099917
"Colombia";-72,9088133;4,099917
"New Hampshire";-71,6553992;43,4849133
"Alaska";-149,680909;64,4459613
"Oregon";-120,737257;43,9792797
"Spain";-4,8379791;39,3260685
"California";-118,755997;36,7014631
"Colombia";-72,9088133;4,099917
"Louisiana";-92,007126;30,8703881
"Thailand";100,83273;14,8971921
"New Mexico";-105,993007;34,5708167
"Arizona";-111,763275;34,395342
"USSR";68,7947829;38,5671241
"Japan";139,2394179;36,5748441
"Alaska";-149,680909;64,4459613
"Arkansas";-92,4479108;35,2048883
"Tennessee";-86,2820081;35,7730076
"USSR";68,7947829;38,5671241
"Pennsylvania";-77,7278831;40,9699889
"Colombia";-72,9088133;4,099917
"Texas";-98,5456116;31,2638905
"Japan";139,2394179;36,5748441
"Alaska";-149,680909;64,4459613
"England";-1,2649062;52,5310214
"Maine";-68,8590201;45,709097
"Afghanistan";66,2385139;33,7680065
"Wisconsin";-89,6884637;44,4308975
"Virginia";-78,4927721;37,1232245
"Georgia";-83,1137366;32,3293809
"Brazil";-53,2;-10,3333333
"Australia";134,755;-24,7761086
"USSR";68,7947829;38,5671241
"Pennsylvania";-77,7278831;40,9699889
"Alaska";-149,680909;64,4459613
"Alaska";-149,680909;64,4459613
"Malta";14,4476911;35,8885993
"Canada";-107,991707;61,0666922
"Texas";-98,5456116;31,2638905
"Guatemala";-90,345759;15,5855545
"Minnesota";-94,6113288;45,9896587
"Brazil";-53,2;-10,3333333
"Russia";97,7453061;64,6863136
"Michigan";-84,6824346;43,6211955
"Canada";-107,991707;61,0666922
"Mozambique";34,9144977;-19,302233
"Mexico";-102,0077097;23,6585116
"Colombia";-72,9088133;4,099917
"El Salvador";-88,9140683;13,8000382
"New Jersey";-74,4041622;40,0757384
"Djibouti";42,8453061;11,8145966
"Islay Island";-80,0012952231978;45,14725295
"Arizona";-111,763275;34,395342
"Russia";97,7453061;64,6863136
"Russia";97,7453061;64,6863136
"California";-118,755997;36,7014631
"Leeward Islands";-63,235;17,65
"Honduras";-86,0755145;15,2572432
"Sudan";29,4917691;14,5844444
"Oregon";-120,737257;43,9792797
"Wyoming";-107,568534;43,1700264
"Arkansas";-92,4479108;35,2048883
"California";-118,755997;36,7014631
"Australia";134,755;-24,7761086
"Pakistan";71,247499;30,3308401
"Netherlands";5,6343227;52,2434979
"Brazil";-53,2;-10,3333333
"Texas";-98,5456116;31,2638905
"New York";-74,0060152;40,7127281
"South Africa";24,991639;-28,8166236
"Russia";97,7453061;64,6863136
"New York";-74,0060152;40,7127281
"Pakistan";71,247499;30,3308401
"Nicaragua";-85,2936911;12,6090157
"Iran";54,5643516;32,6475314
"Fiji";179,0122737;-18,1239696
"Equatorial Guinea";10,5170357;1,613172
"Ethiopia";38,6521203;10,2116702
"Utah";-111,714358;39,4225192
"California";-118,755997;36,7014631
"Afghanistan";66,2385139;33,7680065
"Michigan";-84,6824346;43,6211955
"Kazakhstan";66,7780818;48,1012954
"California";-118,755997;36,7014631
"Colorado";-105,607716;38,7251776
"Pakistan";71,247499;30,3308401
"Alaska";-149,680909;64,4459613
"Norway";8,7876653;61,1529386
"Indonesia";117,8902853;-2,4833826
"Kansas";-98,5821872;38,27312
"North Carolina";-79,0392919;35,6729639
"Russia";97,7453061;64,6863136
"Puerto Rico";-66,4858295;18,2247706
"Poland";19,134422;52,215933
"Canada";-107,991707;61,0666922
"Pennsylvania";-77,7278831;40,9699889
"Peru";-75,0458515;-6,8699697
"Philippines";122,7312101;12,7503486
"Mexico";-102,0077097;23,6585116
"China";104,999927;35,000074
"Michigan";-84,6824346;43,6211955
"Thiland";100,6334276;13,7430894
"Egypt";29,2675469;26,2540493
"Idaho";-114,015407;43,6447642
"Italy";12,674297;42,6384261
"Washington";-77,0365427;38,8950368
"Malawi";33,9301963;-13,2687204
"Canada";-107,991707;61,0666922
"Colorado";-105,607716;38,7251776
"Alaska";-149,680909;64,4459613
"Colorado";-105,607716;38,7251776
"Indian Ocean";69,9999999;-9,9999999
"California";-118,755997;36,7014631
"Brazil";-53,2;-10,3333333
"France";1,8883335;46,603354
"Nebraska";-99,5873816;41,7370229
"Alaska";-149,680909;64,4459613
"Hawaii";-155,428370097169;19,5938015
"Turkey";34,9249653;38,9597594
"Louisiana";-92,007126;30,8703881
"USSR";68,7947829;38,5671241
"Russia";97,7453061;64,6863136
"Montana";-109,638757;47,3752671
"Germany";10,4478313;51,1638175
"North Carolina";-79,0392919;35,6729639
"Russia";97,7453061;64,6863136
"Cyprus";33,1451285;34,9823018
"South Africa";24,991639;-28,8166236
"France";1,8883335;46,603354
"Tennessee";-86,2820081;35,7730076
"Colombia";-72,9088133;4,099917
"Egypt";29,2675469;26,2540493
"Afghanistan";66,2385139;33,7680065
"South Africa";24,991639;-28,8166236
"USSR";68,7947829;38,5671241
"New Jersey";-74,4041622;40,0757384
"Hawaii";-155,428370097169;19,5938015
"Alaska";-149,680909;64,4459613
"Louisiana";-92,007126;30,8703881
"Germany";10,4478313;51,1638175
"Argentina";-64,9672817;-34,9964963
"France";1,8883335;46,603354
"Iran";54,5643516;32,6475314
"Louisiana";-92,007126;30,8703881
"Alaska";-149,680909;64,4459613
"Iceland";-18,1059013;64,9841821
"Pakistan";71,247499;30,3308401
"Russia";97,7453061;64,6863136
"West Germany";-79,1166983;40,4203479
"Hong Kong";114,1628131;22,2793278
"Texas";-98,5456116;31,2638905
"Alaska";-149,680909;64,4459613
"Thailand";100,83273;14,8971921
"Ecuador";-79,3666965;-1,3397668
"Canada";-107,991707;61,0666922
"Ethiopia";38,6521203;10,2116702
"Pakistan";71,247499;30,3308401
"Michigan";-84,6824346;43,6211955
"Arizona";-111,763275;34,395342
"Italy";12,674297;42,6384261
"India";78,6677428;22,3511148
"India";78,6677428;22,3511148
"Peru";-75,0458515;-6,8699697
"Florida";-81,4639835;27,7567667
"Finland";25,9209164;63,2467777
"France";1,8883335;46,603354
"Libya";18,1236723;26,8234472
"Russia";97,7453061;64,6863136
"Afghanistan";66,2385139;33,7680065
"Egypt";29,2675469;26,2540493
"Scotland";-4,1140518;56,7861112
"Indiana";-86,1746933;40,3270127
"England";-1,2649062;52,5310214
"Ohio";-82,6881395;40,2253569
"Texas";-98,5456116;31,2638905
"Myanmar";95,9999652;17,1750495
"France";1,8883335;46,603354
"Portugal";-8,1353519;39,6621648
"Malaysia";102,2656823;4,5693754
"California";-118,755997;36,7014631
"Hawaii";-155,428370097169;19,5938015
"Canada";-107,991707;61,0666922
"Canada";-107,991707;61,0666922
"Texas";-98,5456116;31,2638905
"South Korea";127,6961188;36,638392
"Brazil";-53,2;-10,3333333
"France";1,8883335;46,603354
"Tennessee";-86,2820081;35,7730076
"Sweden";14,5208584;59,6749712
"Surinam";-56,0771187;4,1413025
"Colombia";-72,9088133;4,099917
"Hawaii";-155,428370097169;19,5938015
"Germany";10,4478313;51,1638175
"Iran";54,5643516;32,6475314
"Peru";-75,0458515;-6,8699697
"Cameroon";13,1535811;4,6125522
"Somalia";49,083416;8,3676771
"Georgia";-83,1137366;32,3293809
"Maryland";-76,9382069;39,5162401
"Iowa";-93,3122705;41,9216734
"USSR";68,7947829;38,5671241
"Philippines";122,7312101;12,7503486
"Libya";18,1236723;26,8234472
"New Zealand";172,8344077;-41,5000831
"Greece";21,9877132;38,9953683
"Ethiopia";38,6521203;10,2116702
"New Zealand";172,8344077;-41,5000831
"Mississippi";-89,7348497;32,9715285
"Oregon";-120,737257;43,9792797
"Pakistan";71,247499;30,3308401
"Virginia";-78,4927721;37,1232245
"Cuba";-80,8328748;23,0131338
"Brazil";-53,2;-10,3333333
"Denmark";10,3333283;55,670249
"Kentucky";-85,1551411;37,5726028
"Niger";9,3238432;17,7356214
"New York";-74,0060152;40,7127281
"India";78,6677428;22,3511148
"Canada";-107,991707;61,0666922
"Arizona";-111,763275;34,395342
"Texas";-98,5456116;31,2638905
"New Jersey";-74,4041622;40,0757384
"Russia";97,7453061;64,6863136
"Honduras";-86,0755145;15,2572432
"China";104,999927;35,000074
"Hawaii";-155,428370097169;19,5938015
"Russia";97,7453061;64,6863136
"South Korea";127,6961188;36,638392
"Colombia";-72,9088133;4,099917
"Venezuela";-66,1109318;8,0018709
"Rhode Island";-71,5992372;41,7962409
"Maryland";-76,9382069;39,5162401
"Bolivia";-64,9912286;-17,0568696
"Colombia";-72,9088133;4,099917
"Washington";-77,0365427;38,8950368
"Indonesia";117,8902853;-2,4833826
"Russia";97,7453061;64,6863136
"Costa Rica";-84,0739102;10,2735633
"Colorado";-105,607716;38,7251776
"Ohio";-82,6881395;40,2253569
"Venezuela";-66,1109318;8,0018709
"New York";-74,0060152;40,7127281
"Congo";23,8222636;-2,9814344
"Vermont";-72,5002608;44,5990718
"New York";-74,0060152;40,7127281
"Brazil";-53,2;-10,3333333
"India";78,6677428;22,3511148
"Zambia";27,5589884;-14,5189121
"Colorado";-105,607716;38,7251776
"Florida";-81,4639835;27,7567667
"Afghanistan";66,2385139;33,7680065
"Brazil";-53,2;-10,3333333
"Norway";8,7876653;61,1529386
"Philippines";122,7312101;12,7503486
"Canada";-107,991707;61,0666922
"Guatemala";-90,345759;15,5855545
"Mexico";-102,0077097;23,6585116
"Philippines";122,7312101;12,7503486
"Canada";-107,991707;61,0666922
"Brazil";-53,2;-10,3333333
"England";-1,2649062;52,5310214
"Alaska";-149,680909;64,4459613
"Washington";-77,0365427;38,8950368
"USSR";68,7947829;38,5671241
"Wisconsin";-89,6884637;44,4308975
"Germany";10,4478313;51,1638175
"Alaska";-149,680909;64,4459613
"Canada";-107,991707;61,0666922
"California";-118,755997;36,7014631
"China";104,999927;35,000074
"Florida";-81,4639835;27,7567667
"Bolivia";-64,9912286;-17,0568696
"Cuba";-80,8328748;23,0131338
"Switzerland";8,2319736;46,7985624
"Ohio";-82,6881395;40,2253569
"Thailand";100,83273;14,8971921
"Michigan";-84,6824346;43,6211955
"Alaska";-149,680909;64,4459613
"Venezuela";-66,1109318;8,0018709
"Indonesia";117,8902853;-2,4833826
"California";-118,755997;36,7014631
"Alabama";-86,8295337;33,2588817
"Colorado";-105,607716;38,7251776
"Chile";-71,3187697;-31,7613365
"Colorado";-105,607716;38,7251776
"Venezuela";-66,1109318;8,0018709
"Germany";10,4478313;51,1638175
"CA";-107,991707;61,0666922
"California";-118,755997;36,7014631
"Uzbekistan";63,9528098;41,32373
"India";78,6677428;22,3511148
"Belize";-88,7600927;16,8259793
"Canada";-107,991707;61,0666922
"Pennsylvania";-77,7278831;40,9699889
"Georgia";-83,1137366;32,3293809
"French Polynesia";-144,6434898;-17,0243749
"USSR";68,7947829;38,5671241
"Thailand";100,83273;14,8971921
"Great Inagua";-73,3141827883662;21,12637005
"Angola";17,5691241;-11,8775768
"Colombia";-72,9088133;4,099917
"Nigeria";7,9999721;9,6000359
"Colombia";-72,9088133;4,099917
"Alabama";-86,8295337;33,2588817
"Saudi Arabia";42,3528328;25,6242618
"Michigan";-84,6824346;43,6211955
"Idaho";-114,015407;43,6447642
"Alaska";-149,680909;64,4459613
"India";78,6677428;22,3511148
"Alaska";-149,680909;64,4459613
"Oregon";-120,737257;43,9792797
"Texas";-98,5456116;31,2638905
"Vermont";-72,5002608;44,5990718
"Indonesia";117,8902853;-2,4833826
"California";-118,755997;36,7014631
"Canada";-107,991707;61,0666922
"Brazil";-53,2;-10,3333333
"Florida";-81,4639835;27,7567667
"California";-118,755997;36,7014631
"Mozambique";34,9144977;-19,302233
"Russia";97,7453061;64,6863136
"Nevada";-116,8537227;39,5158825
"Georgia";-83,1137366;32,3293809
"Germany";10,4478313;51,1638175
"Sweden";14,5208584;59,6749712
"Taiwan";120,9820179;23,9739374
"New York";-74,0060152;40,7127281
"Arizona";-111,763275;34,395342
"France";1,8883335;46,603354
"Azerbaijan";47,7872508;40,3936294
"Brazil";-53,2;-10,3333333
"Indiana";-86,1746933;40,3270127
"Senegal";-14,4529612;14,4750607
"Ohio";-82,6881395;40,2253569
"Bolivia";-64,9912286;-17,0568696
"Tennessee";-86,2820081;35,7730076
"New York";-74,0060152;40,7127281
"Greece";21,9877132;38,9953683
"Pennsylvania";-77,7278831;40,9699889
"California";-118,755997;36,7014631
"Hawaii";-155,428370097169;19,5938015
"Puerto Rico";-66,4858295;18,2247706
"Alabama";-86,8295337;33,2588817
"Wisconson";-89,944952;29,938388
"Australia";134,755;-24,7761086
"Arizona";-111,763275;34,395342
"Brazil";-53,2;-10,3333333
"Russia";97,7453061;64,6863136
"Virgin Islands";-64,7080574;17,789187
"Sri Lanka";80,6624785235589;7,87739585
"Alaska";-149,680909;64,4459613
"Indonesia";117,8902853;-2,4833826
"Mexico";-102,0077097;23,6585116
"Puerto Rico";-66,4858295;18,2247706
"Nepal";84,0917139;28,1083929
"New York";-74,0060152;40,7127281
"Nepal";84,0917139;28,1083929
"China";104,999927;35,000074
"Arizona";-111,763275;34,395342
"Russia";97,7453061;64,6863136
"Canada";-107,991707;61,0666922
"Angola";17,5691241;-11,8775768
"Illinois";-89,4337288;40,0796606
"Hawaii";-155,428370097169;19,5938015
"Nigeria";7,9999721;9,6000359
"Netherlands";5,6343227;52,2434979
"West Virginia";-80,8408415;38,4758406
"Colorado";-105,607716;38,7251776
"Alaska";-149,680909;64,4459613
"Vietnam";107,9650855;15,9266657
"Idaho";-114,015407;43,6447642
"China";104,999927;35,000074
"Montana";-109,638757;47,3752671
"Portugal";-8,1353519;39,6621648
"Libya";18,1236723;26,8234472
"Utah";-111,714358;39,4225192
"France";1,8883335;46,603354
"Canada";-107,991707;61,0666922
"Iran";54,5643516;32,6475314
"Macedonia";21,7168387;41,6171214
"New Mexico";-105,993007;34,5708167
"Norway";8,7876653;61,1529386
"Brazil";-53,2;-10,3333333
"Alaska";-149,680909;64,4459613
"Tennesee";-106,4894389;32,4553681
"Colorado";-105,607716;38,7251776
"Alaska";-149,680909;64,4459613
"Iowa";-93,3122705;41,9216734
"India";78,6677428;22,3511148
"Gambia";-15,4900464;13,470062
"Nebraska";-99,5873816;41,7370229
"Colombia";-72,9088133;4,099917
"Georgia";-83,1137366;32,3293809
"Alabama";-86,8295337;33,2588817
"China";104,999927;35,000074
"South Korea";127,6961188;36,638392
"Nepal";84,0917139;28,1083929
"Georgia";-83,1137366;32,3293809
"Cuba";-80,8328748;23,0131338
"Tajikistan";70,8156541;38,6281733
"Poland";19,134422;52,215933
"Georgia";-83,1137366;32,3293809
"China";104,999927;35,000074
"Norway";8,7876653;61,1529386
"Indiana";-86,1746933;40,3270127
"Canada";-107,991707;61,0666922
"China";104,999927;35,000074
"Iran";54,5643516;32,6475314
"Macedonia";21,7168387;41,6171214
"Minnesota";-94,6113288;45,9896587
"Laos";103,378253;20,0171109
"Philippines";122,7312101;12,7503486
"California";-118,755997;36,7014631
"Russia";97,7453061;64,6863136
"Florida";-81,4639835;27,7567667
"Ohio";-82,6881395;40,2253569
"Russia";97,7453061;64,6863136
"England";-1,2649062;52,5310214
"New York";-74,0060152;40,7127281
"India";78,6677428;22,3511148
"Washington";-77,0365427;38,8950368
"Florida";-81,4639835;27,7567667
"Scotland";-4,1140518;56,7861112
"Russia";97,7453061;64,6863136
"North Carolina";-79,0392919;35,6729639
"Nevada";-116,8537227;39,5158825
"Netherlands";5,6343227;52,2434979
"Northern Iraq";41,3405087;31,1183148
"Japan";139,2394179;36,5748441
"Connecticut";-72,7342163;41,6500201
"Colombia";-72,9088133;4,099917
"Colombia";-72,9088133;4,099917
"Colombia";-72,9088133;4,099917
"Alaska";-149,680909;64,4459613
"China";104,999927;35,000074
"Mexico";-102,0077097;23,6585116
"Virginia";-78,4927721;37,1232245
"Indonesia";117,8902853;-2,4833826
"Alaska";-149,680909;64,4459613
"Ivory Coast";-5,5679458;7,9897371
"France";1,8883335;46,603354
"Mauritania";-9,2399263;20,2540382
"North Carolina";-79,0392919;35,6729639
"Alaska";-149,680909;64,4459613
"Hawaii";-155,428370097169;19,5938015
"Martinique";-61,0158268506373;14,6367927
"Russia";97,7453061;64,6863136
"South Korea";127,6961188;36,638392
"Alaska";-149,680909;64,4459613
"New Jersey";-74,4041622;40,0757384
"Alaska";-149,680909;64,4459613
"Pennsylvania";-77,7278831;40,9699889
"Nigeria";7,9999721;9,6000359
"Canada";-107,991707;61,0666922
"Algeria";2,9999825;28,0000272
"Hong Kong";114,1628131;22,2793278
"Russia";97,7453061;64,6863136
"Russia";97,7453061;64,6863136
"Angola";17,5691241;-11,8775768
"Colombia";-72,9088133;4,099917
"Iran";54,5643516;32,6475314
"Brazil";-53,2;-10,3333333
"Russia";97,7453061;64,6863136
"Indiana";-86,1746933;40,3270127
"California";-118,755997;36,7014631
"Papua New Guinea";144,2489081;-5,6816069
"Missouri";-92,5617875;38,7604815
"Alaksa";-121,6432268;47,8456227
"North Carolina";-79,0392919;35,6729639
"Venezuela";-66,1109318;8,0018709
"New Guinea";142,087090522459;-5,52259305
"England";-1,2649062;52,5310214
"Algeria";2,9999825;28,0000272
"Turkey";34,9249653;38,9597594
"Iran";54,5643516;32,6475314
"Colombia";-72,9088133;4,099917
"Arizona";-111,763275;34,395342
"Canada";-107,991707;61,0666922
"California";-118,755997;36,7014631
"Washington";-77,0365427;38,8950368
"CA";-107,991707;61,0666922
"Nepal";84,0917139;28,1083929
"Russia";97,7453061;64,6863136
"Taiwan";120,9820179;23,9739374
"Arizona";-111,763275;34,395342
"Missouri";-92,5617875;38,7604815
"Nevada";-116,8537227;39,5158825
"New Zealand";172,8344077;-41,5000831
"Romania";24,6859225;45,9852129
"Alabama";-86,8295337;33,2588817
"Nigeria";7,9999721;9,6000359
"Australia";134,755;-24,7761086
"Canada";-107,991707;61,0666922
"Ecuador";-79,3666965;-1,3397668
"Colombia";-72,9088133;4,099917
"England";-1,2649062;52,5310214
"Colombia";-72,9088133;4,099917
"Georgia";-83,1137366;32,3293809
"New Zealand";172,8344077;-41,5000831
"Russia";97,7453061;64,6863136
"Nigeria";7,9999721;9,6000359
"Dominican Republic";-70,3028026;19,0974031
"Alaska";-149,680909;64,4459613
"Alaska";-149,680909;64,4459613
"Papua New Guinea";144,2489081;-5,6816069
"El Salvador";-88,9140683;13,8000382
"GA";11,6899699;-0,8999695
"Alaska";-149,680909;64,4459613
"Arizona";-111,763275;34,395342
"Colombia";-72,9088133;4,099917
"Sri Lanka";80,6624785235589;7,87739585
"Bahamas";-78,0000547;24,7736546
"Malaysia";102,2656823;4,5693754
"Australia";134,755;-24,7761086
"Mongolia";103,8499736;46,8250388
"Alaska";-149,680909;64,4459613
"Canada";-107,991707;61,0666922
"Indonesia";117,8902853;-2,4833826
"Colorado";-105,607716;38,7251776
"Mexico";-102,0077097;23,6585116
"Argentina";-64,9672817;-34,9964963
"Nigeria";7,9999721;9,6000359
"Sri Lanka";80,6624785235589;7,87739585
"Malaysia";102,2656823;4,5693754
"Azerbaijan";47,7872508;40,3936294
"Cameroon";13,1535811;4,6125522
"Russia";97,7453061;64,6863136
"Russia";97,7453061;64,6863136
"Haiti";-72,3570972;19,1399952
"Italy";12,674297;42,6384261
"Colombia";-72,9088133;4,099917
"Zaire";23,8222636;-2,9814344
"Nigeria";7,9999721;9,6000359
"Sri Lanka";80,6624785235589;7,87739585
"New Zealand";172,8344077;-41,5000831
"Paraguay";-58,1693445;-23,3165935
"Arizona";-111,763275;34,395342
"Mexico";-102,0077097;23,6585116
"Hati";-72,3570972;19,1399952
"Sudan";29,4917691;14,5844444
"Angola";17,5691241;-11,8775768
"Peru";-75,0458515;-6,8699697
"Florida";-81,4639835;27,7567667
"Croatia";15,6575209;45,3658443
"Russia";97,7453061;64,6863136
"Wyoming";-107,568534;43,1700264
"Sudan";29,4917691;14,5844444
"Papua New Guinea";144,2489081;-5,6816069
"Florida";-81,4639835;27,7567667
"United Kingdom";-3,2765753;54,7023545
"Iran";54,5643516;32,6475314
"Queensland  Australia";144,5844903;-22,1646782
"Japan";139,2394179;36,5748441
"China";104,999927;35,000074
"Florida";-81,4639835;27,7567667
"New Guinea";142,087090522459;-5,52259305
"India";78,6677428;22,3511148
"The Netherlands";5,54124684940616;52,24764975
"New York";-74,0060152;40,7127281
"Mexico";-102,0077097;23,6585116
"Alaska";-149,680909;64,4459613
"Canada";-107,991707;61,0666922
"Wyoming";-107,568534;43,1700264
"Norway";8,7876653;61,1529386
"Alaska";-149,680909;64,4459613
"Netherlands";5,6343227;52,2434979
"Peru";-75,0458515;-6,8699697
"Italy";12,674297;42,6384261
"Alaska";-149,680909;64,4459613
"Canada";-107,991707;61,0666922
"Ecuador";-79,3666965;-1,3397668
"Russia";97,7453061;64,6863136
"Brazil";-53,2;-10,3333333
"Guatemala";-90,345759;15,5855545
"France";1,8883335;46,603354
"Nigeria";7,9999721;9,6000359
"India";78,6677428;22,3511148
"Illinois";-89,4337288;40,0796606
"CA";-107,991707;61,0666922
"Comoros";44,2832964;-12,2045176
"Arkansas";-92,4479108;35,2048883
"Russia";97,7453061;64,6863136
"Colombia";-72,9088133;4,099917
"Indonesia";117,8902853;-2,4833826
"Idaho";-114,015407;43,6447642
"Colombia";-72,9088133;4,099917
"Virginia";-78,4927721;37,1232245
"India";78,6677428;22,3511148
"New Hampshire";-71,6553992;43,4849133
"North Carolina";-79,0392919;35,6729639
"Samoa";-172,12005;-13,7693895
"Michigan";-84,6824346;43,6211955
"Arkansas";-92,4479108;35,2048883
"Senegal";-14,4529612;14,4750607
"Angola";17,5691241;-11,8775768
"Northern Israel";33,4875673;3,3842716
"Brazil";-53,2;-10,3333333
"Guatemala";-90,345759;15,5855545
"Iran";54,5643516;32,6475314
"Russia";97,7453061;64,6863136
"Georgia";-83,1137366;32,3293809
"Alaska";-149,680909;64,4459613
"Indonesia";117,8902853;-2,4833826
"Afghanistan";66,2385139;33,7680065
"China";104,999927;35,000074
"Congo";23,8222636;-2,9814344
"India";78,6677428;22,3511148
"Brazil";-53,2;-10,3333333
"Cuba";-80,8328748;23,0131338
"Alaska";-149,680909;64,4459613
"Indonesia";117,8902853;-2,4833826
"New Guinea";142,087090522459;-5,52259305
"Thailand";100,83273;14,8971921
"Italy";12,674297;42,6384261
"Guam";144,757551029721;13,4501257
"Florida";-81,4639835;27,7567667
"Taiwan";120,9820179;23,9739374
"Canada";-107,991707;61,0666922
"Australia";134,755;-24,7761086
"Brazil";-53,2;-10,3333333
"Cambodia";104,8144914;12,5433216
"Malaysia";102,2656823;4,5693754
"Africa";17,7578122;11,5024338
"Indonesia";117,8902853;-2,4833826
"Colorado";-105,607716;38,7251776
"Gambia";-15,4900464;13,470062
"Uruguay";-56,0201525;-32,8755548
"California";-118,755997;36,7014631
"Alaska";-149,680909;64,4459613
"Russia";97,7453061;64,6863136
"Canada";-107,991707;61,0666922
"Bolivia";-64,9912286;-17,0568696
"United Arab Emirates";53,9994829;24,0002488
"Canada";-107,991707;61,0666922
"Greece";21,9877132;38,9953683
"Indonesia";117,8902853;-2,4833826
"Panama";-81,1308434;8,559559
"North Carolina";-79,0392919;35,6729639
"Pakistan";71,247499;30,3308401
"Czech Republic";15,3381061;49,7439047
"Myanmar";95,9999652;17,1750495
"Philippines";122,7312101;12,7503486
"Italy";12,674297;42,6384261
"Portugal";-8,1353519;39,6621648
"Spain";-4,8379791;39,3260685
"Sudan";29,4917691;14,5844444
"Taiwan";120,9820179;23,9739374
"Tennesee";-106,4894389;32,4553681
"North Dakota";-100,540737;47,6201461
"Kenya";38,4313975;1,4419683
"Taiwan";120,9820179;23,9739374
"Afghanistan";66,2385139;33,7680065
"Philippines";122,7312101;12,7503486
"Peru";-75,0458515;-6,8699697
"Colombia";-72,9088133;4,099917
"Peru";-75,0458515;-6,8699697
"Mauritania";-9,2399263;20,2540382
"Laos";103,378253;20,0171109
"North Carolina";-79,0392919;35,6729639
"Mongolia";103,8499736;46,8250388
"Canada";-107,991707;61,0666922
"Hawaii";-155,428370097169;19,5938015
"United Arab Emirates";53,9994829;24,0002488
"Argentina";-64,9672817;-34,9964963
"Eritrea";37,9999668;15,9500319
"Brazil";-53,2;-10,3333333
"India";78,6677428;22,3511148
"Italy";12,674297;42,6384261
"France";1,8883335;46,603354
"Canada";-107,991707;61,0666922
"New Zealand";172,8344077;-41,5000831
"Nepal";84,0917139;28,1083929
"Dominica";-70,3028026;19,0974031
"South Africa";24,991639;-28,8166236
"Myanmar";95,9999652;17,1750495
"Ecuador";-79,3666965;-1,3397668
"Canada";-107,991707;61,0666922
"Alaska";-149,680909;64,4459613
"New Zealand";172,8344077;-41,5000831
"Morroco";-70,0776458;8,2761538
"Cape Verde";-24,0083947;16,0000552
"Sri Lanka";80,6624785235589;7,87739585
"Venezuela";-66,1109318;8,0018709
"Armenia";44,6736646;40,7696272
"Brazil";-53,2;-10,3333333
"Guatemala";-90,345759;15,5855545
"Russia";97,7453061;64,6863136
"Maryland";-76,9382069;39,5162401
"British Columbia";-125,002441;55,001251
"Arkansas";-92,4479108;35,2048883
"Canada";-107,991707;61,0666922
"Myanmar";95,9999652;17,1750495
"Thailand";100,83273;14,8971921
"Colombia";-72,9088133;4,099917
"Angola";17,5691241;-11,8775768
"England";-1,2649062;52,5310214
"Canada";-107,991707;61,0666922
"Australia";134,755;-24,7761086
"Nepal";84,0917139;28,1083929
"Nicaragua";-85,2936911;12,6090157
"Angola";17,5691241;-11,8775768
"Papua New Guinea";144,2489081;-5,6816069
"California";-118,755997;36,7014631
"China";104,999927;35,000074
"India";78,6677428;22,3511148
"Colombia";-72,9088133;4,099917
"Canada";-107,991707;61,0666922
"Brazil";-53,2;-10,3333333
"Turkey";34,9249653;38,9597594
"Colombia";-72,9088133;4,099917
"China";104,999927;35,000074
"Vanuatu";168,1069154;-16,5255069
"Malaysia";102,2656823;4,5693754
"Kenya";38,4313975;1,4419683
"Arkansas";-92,4479108;35,2048883
"Alaska";-149,680909;64,4459613
"Papua New Guinea";144,2489081;-5,6816069
"Canada";-107,991707;61,0666922
"Belgium";4,6667145;50,6402809
"Colombia";-72,9088133;4,099917
"Nepal";84,0917139;28,1083929
"Mexico";-102,0077097;23,6585116
"Massachusetts";-72,032366;42,3788774
"Nicaragua";-85,2936911;12,6090157
"Japan";139,2394179;36,5748441
"Colombia";-72,9088133;4,099917
"Fiji";179,0122737;-18,1239696
"Michigan";-84,6824346;43,6211955
"Cape Verde Islands";-24,0083947;16,0000552
"Canada";-107,991707;61,0666922
"China";104,999927;35,000074
"Taiwan";120,9820179;23,9739374
"Uzbekistan";63,9528098;41,32373
"Argentina";-64,9672817;-34,9964963
"Tanzania";35,7878438;-6,5247123
"Scotland";-4,1140518;56,7861112
"Rhode Island";-71,5992372;41,7962409
"Nepal";84,0917139;28,1083929
"Brazil";-53,2;-10,3333333
"Hawaii";-155,428370097169;19,5938015
"Saudi Arabia";42,3528328;25,6242618
"Italy";12,674297;42,6384261
"South Dakota";-100,348761;44,6471761
"Massachusetts";-72,032366;42,3788774
"Idaho";-114,015407;43,6447642
"Mexico";-102,0077097;23,6585116
"Kosovo";20,9021231;42,5869578
"Kenya";38,4313975;1,4419683
"Russia";97,7453061;64,6863136
"South Africa";24,991639;-28,8166236
"Alaska";-149,680909;64,4459613
"Philippines";122,7312101;12,7503486
"Missouri";-92,5617875;38,7604815
"Sweden";14,5208584;59,6749712
"Azores (Portugal)";-25,4731373912453;37,80855645
"Guatemala";-90,345759;15,5855545
"Florida";-81,4639835;27,7567667
"United Kingdom";-3,2765753;54,7023545
"Venezuela";-66,1109318;8,0018709
"Nepal";84,0917139;28,1083929
"Switzerland";8,2319736;46,7985624
"Libya";18,1236723;26,8234472
"Costa Rica";-84,0739102;10,2735633
"Turkey";34,9249653;38,9597594
"Ivory Coast";-5,5679458;7,9897371
"Philippines";122,7312101;12,7503486
"California";-118,755997;36,7014631
"Alaska";-149,680909;64,4459613
"California";-118,755997;36,7014631
"Russia";97,7453061;64,6863136
"Canada";-107,991707;61,0666922
"Panama";-81,1308434;8,559559
"Sri Lanka";80,6624785235589;7,87739585
"Argentina";-64,9672817;-34,9964963
"Florida";-81,4639835;27,7567667
"Philippines";122,7312101;12,7503486
"France";1,8883335;46,603354
"Hawaii";-155,428370097169;19,5938015
"Gabon";11,6899699;-0,8999695
"Pennsylvania";-77,7278831;40,9699889
"France";1,8883335;46,603354
"Australia";134,755;-24,7761086
"Ghana";-1,0800271;8,0300284
"England";-1,2649062;52,5310214
"Brazil";-53,2;-10,3333333
"China";104,999927;35,000074
"Mexico";-102,0077097;23,6585116
"Colombia";-72,9088133;4,099917
"North Carolina";-79,0392919;35,6729639
"India";78,6677428;22,3511148
"Maine";-68,8590201;45,709097
"Bahamas";-78,0000547;24,7736546
"Hawaii";-155,428370097169;19,5938015
"France";1,8883335;46,603354
"Nepal";84,0917139;28,1083929
"Brazil";-53,2;-10,3333333
"Chile";-71,3187697;-31,7613365
"New Jersey";-74,4041622;40,0757384
"Canada";-107,991707;61,0666922
"Georgia";-83,1137366;32,3293809
"Bahrain";50,5344606;26,1551249
"Hawaii";-155,428370097169;19,5938015
"Costa Rica";-84,0739102;10,2735633
"Australia";134,755;-24,7761086
"Sri Lanka";80,6624785235589;7,87739585
"Alaska";-149,680909;64,4459613
"Mexico";-102,0077097;23,6585116
"BO";-64,9912286;-17,0568696
"Canada";-107,991707;61,0666922
"Washington";-77,0365427;38,8950368
"Kansas";-98,5821872;38,27312
"Missouri";-92,5617875;38,7604815
"Laos";103,378253;20,0171109
"Taiwan";120,9820179;23,9739374
"Angola";17,5691241;-11,8775768
"Indiana";-86,1746933;40,3270127
"Angola";17,5691241;-11,8775768
"Florida";-81,4639835;27,7567667
"Spain";-4,8379791;39,3260685
"Utah";-111,714358;39,4225192
"Alaska";-149,680909;64,4459613
"Venezuela";-66,1109318;8,0018709
"Colorado";-105,607716;38,7251776
"Colombia";-72,9088133;4,099917
"Minnesota";-94,6113288;45,9896587
"Germany";10,4478313;51,1638175
"Scotland";-4,1140518;56,7861112
"Thailand";100,83273;14,8971921
"Georgia";-83,1137366;32,3293809
"Angola";17,5691241;-11,8775768
"French West Indies";-61,5639255;16,2500695
"Indonesia";117,8902853;-2,4833826
"Colorado";-105,607716;38,7251776
"Wisconsin";-89,6884637;44,4308975
"Vietnam";107,9650855;15,9266657
"Argentina";-64,9672817;-34,9964963
"Turkey";34,9249653;38,9597594
"Argentina";-64,9672817;-34,9964963
"Iran";54,5643516;32,6475314
"Russia";97,7453061;64,6863136
"Indonesia";117,8902853;-2,4833826
"Russia";97,7453061;64,6863136
"South Korea";127,6961188;36,638392
"Venezuela";-66,1109318;8,0018709
"Russia";97,7453061;64,6863136
"Alaska";-149,680909;64,4459613
"Iceland";-18,1059013;64,9841821
"Arizona";-111,763275;34,395342
"Azores";-25,4731373912453;37,80855645
"New York";-74,0060152;40,7127281
"Bahamas";-78,0000547;24,7736546
"Spain";-4,8379791;39,3260685
"Pennsylvania";-77,7278831;40,9699889
"Virginia.";-78,4927721;37,1232245
"New York";-74,0060152;40,7127281
"New York";-74,0060152;40,7127281
"Mexico";-102,0077097;23,6585116
"Guatemala";-90,345759;15,5855545
"Washington";-77,0365427;38,8950368
"Russia";97,7453061;64,6863136
"Italy";12,674297;42,6384261
"Canada";-107,991707;61,0666922
"Alaska";-149,680909;64,4459613
"Spain";-4,8379791;39,3260685
"Canada";-107,991707;61,0666922
"Brazil";-53,2;-10,3333333
"Alaska";-149,680909;64,4459613
"New York";-74,0060152;40,7127281
"Russia";97,7453061;64,6863136
"Pennsylvania";-77,7278831;40,9699889
"Estonia";25,3319078;58,7523778
"Switzerland";8,2319736;46,7985624
"Nigeria";7,9999721;9,6000359
"Costa Rica";-84,0739102;10,2735633
"Russia";97,7453061;64,6863136
"Alabama";-86,8295337;33,2588817
"Texas";-98,5456116;31,2638905
"Colombia";-72,9088133;4,099917
"Switzerland";8,2319736;46,7985624
"Germany";10,4478313;51,1638175
"Florida";-81,4639835;27,7567667
"England";-1,2649062;52,5310214
"Spain";-4,8379791;39,3260685
"Mexico";-102,0077097;23,6585116
"Indonesia";117,8902853;-2,4833826
"Ecuador";-79,3666965;-1,3397668
"New Zealand";172,8344077;-41,5000831
"Colombia";-72,9088133;4,099917
"South Dakota";-100,348761;44,6471761
"Iran";54,5643516;32,6475314
"Liberia";-9,3658524;5,7499721
"Russia";97,7453061;64,6863136
"Philippines";122,7312101;12,7503486
"Italy";12,674297;42,6384261
"Cuba";-80,8328748;23,0131338
"Wisconsin";-89,6884637;44,4308975
"Australia";134,755;-24,7761086
"Spain";-4,8379791;39,3260685
"South Korea";127,6961188;36,638392
"Australia";134,755;-24,7761086
"Colombia";-72,9088133;4,099917
"Honduras";-86,0755145;15,2572432
"Russia";97,7453061;64,6863136
"Nigeria";7,9999721;9,6000359
"Tunisia";9,400138;33,8439408
"China";104,999927;35,000074
"Nigeria";7,9999721;9,6000359
"Taiwan";120,9820179;23,9739374
"South Africa";24,991639;-28,8166236
"Manitoba";-97,001038;55,001251
"Afghanistan";66,2385139;33,7680065
"Germany";10,4478313;51,1638175
"California";-118,755997;36,7014631
"Central African Republic";19,9981227;7,0323598
"Alaska";-149,680909;64,4459613
"England";-1,2649062;52,5310214
"Nepal";84,0917139;28,1083929
"Ukraine";31,2718321;49,4871968
"Russia";97,7453061;64,6863136
"Puerto Rico";-66,4858295;18,2247706
"Sri Lanka";80,6624785235589;7,87739585
"Nepal";84,0917139;28,1083929
"Russia";97,7453061;64,6863136
"Kentucky";-85,1551411;37,5726028
"Brazil";-53,2;-10,3333333
"Canada";-107,991707;61,0666922
"Peru";-75,0458515;-6,8699697
"Canada";-107,991707;61,0666922
"Brazil";-53,2;-10,3333333
"Alabama";-86,8295337;33,2588817
"Minnesota";-94,6113288;45,9896587
"Luxembourg";6,1296751;49,8158683
"Indonesia";117,8902853;-2,4833826
"New Mexico";-105,993007;34,5708167
"Philippines";122,7312101;12,7503486
"Kenya";38,4313975;1,4419683
"Arkansas";-92,4479108;35,2048883
"Iraq";44,1749775;33,0955793
"Illinois";-89,4337288;40,0796606
"Taiwan";120,9820179;23,9739374
"Iran";54,5643516;32,6475314
"North Carolina";-79,0392919;35,6729639
"Brazil";-53,2;-10,3333333
"Turkey";34,9249653;38,9597594
"North Carolina";-79,0392919;35,6729639
"Peru";-75,0458515;-6,8699697
"Kenya";38,4313975;1,4419683
"East Timor";126,063482;-8,7443169
"Estonia";25,3319078;58,7523778
"Kentucky";-85,1551411;37,5726028
"Iran";54,5643516;32,6475314
"Pakistan";71,247499;30,3308401
"Russia";97,7453061;64,6863136
"Algeria";2,9999825;28,0000272
"Indonesia";117,8902853;-2,4833826
"Iowa";-93,3122705;41,9216734
"Turkey";34,9249653;38,9597594
"Alaska";-149,680909;64,4459613
"Italy";12,674297;42,6384261
"New Zealand";172,8344077;-41,5000831
"Hawaii";-155,428370097169;19,5938015
"France";1,8883335;46,603354
"Iran";54,5643516;32,6475314
"Alaska";-149,680909;64,4459613
"Namibia";17,3231107;-23,2335499
"Algeria";2,9999825;28,0000272
"Brazil";-53,2;-10,3333333
"Brazil";-53,2;-10,3333333
"Sudan";29,4917691;14,5844444
"Bahamas";-78,0000547;24,7736546
"Venezuela";-66,1109318;8,0018709
"Kenya";38,4313975;1,4419683
"Hawaii";-155,428370097169;19,5938015
"Connecticut";-72,7342163;41,6500201
"Venezuela";-66,1109318;8,0018709
"Russia";97,7453061;64,6863136
"Haiti";-72,3570972;19,1399952
"Massachusetts";-72,032366;42,3788774
"Canada";-107,991707;61,0666922
"Texas";-98,5456116;31,2638905
"Mexico";-102,0077097;23,6585116
"Arizona";-111,763275;34,395342
"Canada";-107,991707;61,0666922
"New Zealand";172,8344077;-41,5000831
"Venezuela";-66,1109318;8,0018709
"Argentina";-64,9672817;-34,9964963
"Mexico";-102,0077097;23,6585116
"Wyoming";-107,568534;43,1700264
"Iraq";44,1749775;33,0955793
"Guyana";-58,6416891;4,8417097
"Australia";134,755;-24,7761086
"Washington";-77,0365427;38,8950368
"Congo";23,8222636;-2,9814344
"Canada";-107,991707;61,0666922
"Colombia";-72,9088133;4,099917
"California";-118,755997;36,7014631
"Benin";2,2584408;9,5293472
"Egypt";29,2675469;26,2540493
"Uzbekistan";63,9528098;41,32373
"Canada";-107,991707;61,0666922
"Algeria";2,9999825;28,0000272
"Bosnia-Herzegovina";17,5961467;44,3053476
"United Arab Emirates";53,9994829;24,0002488
"Italy";12,674297;42,6384261
"Australia";134,755;-24,7761086
"California";-118,755997;36,7014631
"British Virgin Islands";-64,5661642;18,4024395
"Nevada";-116,8537227;39,5158825
"Australia";134,755;-24,7761086
"Texas";-98,5456116;31,2638905
"Mexico";-102,0077097;23,6585116
"Venezuela";-66,1109318;8,0018709
"Colombia";-72,9088133;4,099917
"Sudan";29,4917691;14,5844444
"Brazil";-53,2;-10,3333333
"Kazakhstan";66,7780818;48,1012954
"China";104,999927;35,000074
"Kenya";38,4313975;1,4419683
"Nepal";84,0917139;28,1083929
"Gabon";11,6899699;-0,8999695
"Sierra Leone";-11,8400269;8,6400349
"Panama";-81,1308434;8,559559
"New York";-74,0060152;40,7127281
"Brazil";-53,2;-10,3333333
"Papua New Guinea";144,2489081;-5,6816069
"Ohio";-82,6881395;40,2253569
"Montana";-109,638757;47,3752671
"Venezuela";-66,1109318;8,0018709
"Russia";97,7453061;64,6863136
"Russia";97,7453061;64,6863136
"Alaska";-149,680909;64,4459613
"Mexico";-102,0077097;23,6585116
"Greece";21,9877132;38,9953683
"Puerto Rico";-66,4858295;18,2247706
"Sudan";29,4917691;14,5844444
"Texas";-98,5456116;31,2638905
"Afghanstan";66,2385139;33,7680065
"Missouri";-92,5617875;38,7604815
"Canada";-107,991707;61,0666922
"Colombia";-72,9088133;4,099917
"Philippines";122,7312101;12,7503486
"Missouri";-92,5617875;38,7604815
"Virginia";-78,4927721;37,1232245
"California";-118,755997;36,7014631
"Venezuela";-66,1109318;8,0018709
"China";104,999927;35,000074
"Colorado";-105,607716;38,7251776
"Indonesia";117,8902853;-2,4833826
"Missouri";-92,5617875;38,7604815
"Idaho";-114,015407;43,6447642
"Colombia";-72,9088133;4,099917
"Brazil";-53,2;-10,3333333
"Colombia";-72,9088133;4,099917
"Russia";97,7453061;64,6863136
"New Hampshire";-71,6553992;43,4849133
"Iraq";44,1749775;33,0955793
"Hungary";19,5060937;47,1817585
"Iraq";44,1749775;33,0955793
"Pakistan";71,247499;30,3308401
"Sudan";29,4917691;14,5844444
"California";-118,755997;36,7014631
"Colorado";-105,607716;38,7251776
"New Guinea";142,087090522459;-5,52259305
"Venezuela";-66,1109318;8,0018709
"United Kingdom";-3,2765753;54,7023545
"Russia";97,7453061;64,6863136
"Tanzania";35,7878438;-6,5247123
"Colombia";-72,9088133;4,099917
"Albania";19,9999619;41,000028
"Indonesia";117,8902853;-2,4833826
"Iran";54,5643516;32,6475314
"Peru";-75,0458515;-6,8699697
"New Zealand";172,8344077;-41,5000831
"Australia";134,755;-24,7761086
"Argentina";-64,9672817;-34,9964963
"Zambia";27,5589884;-14,5189121
"Sudan";29,4917691;14,5844444
"Equatorial Guinea";10,5170357;1,613172
"Canada";-107,991707;61,0666922
"Italy";12,674297;42,6384261
"Estonia";25,3319078;58,7523778
"Greece";21,9877132;38,9953683
"Venezuela";-66,1109318;8,0018709
"Peru";-75,0458515;-6,8699697
"Indonesia";117,8902853;-2,4833826
"Congo";23,8222636;-2,9814344
"Brazil";-53,2;-10,3333333
"Venezuela";-66,1109318;8,0018709
"Hawaii";-155,428370097169;19,5938015
"Canada";-107,991707;61,0666922
"Nigeria";7,9999721;9,6000359
"Russia";97,7453061;64,6863136
"Iran";54,5643516;32,6475314
"Illinois";-89,4337288;40,0796606
"Nigeria";7,9999721;9,6000359
"Florida";-81,4639835;27,7567667
"Azerbaijan";47,7872508;40,3936294
"Indonesia";117,8902853;-2,4833826
"California";-118,755997;36,7014631
"Uganda";32,2166578;1,5333554
"Iran";54,5643516;32,6475314
"Hungary";19,5060937;47,1817585
"Wisconson";-89,944952;29,938388
"Tennessee";-86,2820081;35,7730076
"Spain";-4,8379791;39,3260685
"Bolivia";-64,9912286;-17,0568696
"Montana";-109,638757;47,3752671
"Ecuador";-79,3666965;-1,3397668
"Brazil";-53,2;-10,3333333
"Kenya";38,4313975;1,4419683
"Cameroon";13,1535811;4,6125522
"Russia";97,7453061;64,6863136
"Afghanistan";66,2385139;33,7680065
"Uganda";32,2166578;1,5333554
"Russia";97,7453061;64,6863136
"Saskatchewan";-106,1412243;55,5321257
"Connecticut";-72,7342163;41,6500201
"China";104,999927;35,000074
"Idaho";-114,015407;43,6447642
"Chad";19,0156172;15,6134137
"Napal";39,5293726;-14,8111589
"Mozambique";34,9144977;-19,302233
"Germany";10,4478313;51,1638175
"Russia";97,7453061;64,6863136
"Pakistan";71,247499;30,3308401
"Colombia";-72,9088133;4,099917
"Vermont";-72,5002608;44,5990718
"Italy";12,674297;42,6384261
"Ukraine";31,2718321;49,4871968
"Kentucky";-85,1551411;37,5726028
"Iran";54,5643516;32,6475314
"Afghanistan";66,2385139;33,7680065
"Russia";97,7453061;64,6863136
"Nigeria";7,9999721;9,6000359
"Brazil";-53,2;-10,3333333
"Norway";8,7876653;61,1529386
"Russia";97,7453061;64,6863136
"Nigeria";7,9999721;9,6000359
"Iran";54,5643516;32,6475314
"California";-118,755997;36,7014631
"Alaska";-149,680909;64,4459613
"Tanzania";35,7878438;-6,5247123
"Indonesia";117,8902853;-2,4833826
"Tanzania";35,7878438;-6,5247123
"Iraq";44,1749775;33,0955793
"Mexico";-102,0077097;23,6585116
"California";-118,755997;36,7014631
"France";1,8883335;46,603354
"Turks & Caicos Islands";-105,9957451;39,4831166
"Montana";-109,638757;47,3752671
"Indonesia";117,8902853;-2,4833826
"Hawaii";-155,428370097169;19,5938015
"Hawaii";-155,428370097169;19,5938015
"Russia";97,7453061;64,6863136
"Somalia";49,083416;8,3676771
"Guyana";-58,6416891;4,8417097
"Chechnya";45,7;43,4
"Egypt";29,2675469;26,2540493
"Congo";23,8222636;-2,9814344
"Peru";-75,0458515;-6,8699697
"Sierra Leone";-11,8400269;8,6400349
"Wisconson";-89,944952;29,938388
"Cambodia";104,8144914;12,5433216
"Angola";17,5691241;-11,8775768
"Mexico";-102,0077097;23,6585116
"Ireland";-7,9794599;52,865196
"Canada";-107,991707;61,0666922
"Brazil";-53,2;-10,3333333
"Ethiopia";38,6521203;10,2116702
"Alaska";-149,680909;64,4459613
"Russia";97,7453061;64,6863136
"New Mexico";-105,993007;34,5708167
"French Polynesia";-144,6434898;-17,0243749
"Alaska";-149,680909;64,4459613
"Brazil";-53,2;-10,3333333
"Macedonia";21,7168387;41,6171214
"Thailand";100,83273;14,8971921
"DR Congo";23,8222636;-2,9814344
"Colorado";-105,607716;38,7251776
"Washington";-77,0365427;38,8950368
"Colombia";-72,9088133;4,099917
"Brazil";-53,2;-10,3333333
"Sudan";29,4917691;14,5844444
"Turkey";34,9249653;38,9597594
"Alaska";-149,680909;64,4459613
"Ohio";-82,6881395;40,2253569
"Ukraine";31,2718321;49,4871968
"Venezuela";-66,1109318;8,0018709
"Alaska";-149,680909;64,4459613
"Hawaii";-155,428370097169;19,5938015
"England";-1,2649062;52,5310214
"Angola";17,5691241;-11,8775768
"Poland";19,134422;52,215933
"Indonesia";117,8902853;-2,4833826
"Venezuela";-66,1109318;8,0018709
"Brazil";-53,2;-10,3333333
"Nepal";84,0917139;28,1083929
"Nigeria";7,9999721;9,6000359
"Suriname";-56,0771187;4,1413025
"Australia";134,755;-24,7761086
"Moldova";28,5670941;47,2879608
"Congo";23,8222636;-2,9814344
"Equatorial Guinea";10,5170357;1,613172
"Black Sea";33,993807705011;43,87282395
"Sudan";29,4917691;14,5844444
"Washington";-77,0365427;38,8950368
"Montana";-109,638757;47,3752671
"California";-118,755997;36,7014631
"Russia";97,7453061;64,6863136
"Panama";-81,1308434;8,559559
"Honduras";-86,0755145;15,2572432
"Chile";-71,3187697;-31,7613365
"Texas";-98,5456116;31,2638905
"Sudan";29,4917691;14,5844444
"Massachusetts";-72,032366;42,3788774
"Indonesia";117,8902853;-2,4833826
"Sudan";29,4917691;14,5844444
"Arizona";-111,763275;34,395342
"Sudan";29,4917691;14,5844444
"Mexico";-102,0077097;23,6585116
"Colombia";-72,9088133;4,099917
"Chile";-71,3187697;-31,7613365
"Minnesota";-94,6113288;45,9896587
"Canada";-107,991707;61,0666922
"California";-118,755997;36,7014631
"Thailand";100,83273;14,8971921
"Somalia";49,083416;8,3676771
"Spain";-4,8379791;39,3260685
"Guatemala";-90,345759;15,5855545
"Kyrgyzstan";74,724091;41,5089324
"Ecuador";-79,3666965;-1,3397668
"Congo";23,8222636;-2,9814344
"Ohio";-82,6881395;40,2253569
"United Arab Emirates";53,9994829;24,0002488
"Russia";97,7453061;64,6863136
"South Carolina";-80,4363743;33,6874388
"Maryland";-76,9382069;39,5162401
"Nepal";84,0917139;28,1083929
"Illinois";-89,4337288;40,0796606
"Mexico";-102,0077097;23,6585116
"Tanzania";35,7878438;-6,5247123
"Iraq";44,1749775;33,0955793
"Canada";-107,991707;61,0666922
"France";1,8883335;46,603354
"Puerto Rico";-66,4858295;18,2247706
"Texas";-98,5456116;31,2638905
"New York";-74,0060152;40,7127281
"Brazil";-53,2;-10,3333333
"Italy";12,674297;42,6384261
"New York";-74,0060152;40,7127281
"Chile";-71,3187697;-31,7613365
"Egypt";29,2675469;26,2540493
"Netherlands";5,6343227;52,2434979
"Uganda";32,2166578;1,5333554
"Newfoundland";-56,6403111408207;49,12120935
"Montana";-109,638757;47,3752671
"Japan";139,2394179;36,5748441
"Scotland";-4,1140518;56,7861112
"Indonesia";117,8902853;-2,4833826
"Indonesia";117,8902853;-2,4833826
"Indonesia";117,8902853;-2,4833826
"Venezuela";-66,1109318;8,0018709
"Venezuela";-66,1109318;8,0018709
"Indonesia";117,8902853;-2,4833826
"Brazil";-53,2;-10,3333333
"Canada";-107,991707;61,0666922
